Stock Index,Put-Call Ratio
AC3235,0.95175266
AC3236,1.1123908
AC3237,1.2514548
AC3238,1.6962309
AC3239,1.9062355
AC3240,1.9634199
AC3241,1.9770589
AC3242,1.4593346
AC3243,1.4593346
AC3244,1.6907599
AC3245,1.5351228
AC3246,1.1636051
AC3247,0.7007028
AC3248,1.971049
AC3249,1.8031914
AC3250,0.48121047
AC3251,0.6212922
AC3252,1.6962309
AC3253,0.5024625
AC3254,1.5095767
AC3255,1.752495
AC3256,1.6052744
AC3257,1.31358
AC3258,1.9582143
AC3259,1.9304376
AC3260,1.8516011
AC3261,0.6077551
AC3262,0.7461057
AC3263,0.6212922
AC3264,0.5960018
AC3265,1.9920074
AC3266,1.8847351
AC3267,1.6139122
AC3268,1.990856
AC3269,0.6472229
AC3270,1.8352156
AC3271,1.8847351
AC3272,1.9406443
AC3273,1.0064601
AC3274,1.752495
AC3275,0.72808814
AC3276,0.57141906
AC3277,1.8082938
AC3278,1.9062355
AC3279,1.1123908
AC3280,0.81179863
AC3281,1.0863595
AC3282,1.6409705
AC3283,1.5610062
AC3284,1.8847351
AC3285,1.9815137
AC3286,0.44245362
AC3287,1.6139122
AC3288,0.8399403
AC3289,0.46087003
AC3290,1.4099343
AC3291,1.9406443
AC3292,0.97923887
AC3293,1.2138276
AC3294,0.6472229
AC3295,1.587261
AC3296,1.1888276
AC3297,1.8352154
AC3298,0.7837215
AC3299,0.92403316
AC3300,0.92403316
AC3301,0.46087003
AC3302,0.97923887
AC3303,0.92403316
AC3304,0.7837215
AC3305,0.81179863
AC3306,1.3122463
AC3307,1.9770589
AC3308,1.9622619
AC3309,1.9681253
AC3310,0.57141906
AC3311,1.6409705
AC3312,1.5610062
AC3313,1.9062355
AC3314,0.7837215
AC3315,1.2138276
AC3316,1.4593346
AC3317,1.1888276
AC3318,0.72808814
AC3319,1.7243028
AC3320,1.5610062
AC3321,1.4345516
AC3322,1.3854386
AC3323,0.56915337
AC3324,1.5267892
AC3325,0.8680711
AC3326,1.9406443
AC3327,1.0333943
AC3328,0.5960018
AC3329,0.48121047
AC3330,1.990856
AC3331,1.2386354
AC3332,1.4593346
AC3333,1.5095767
AC3334,1.8352156
AC3335,1.1636051
AC3336,1.860879
AC3337,1.4345516
AC3338,1.0064601
AC3339,1.2878084
AC3340,1.9874262
AC3341,1.0333943
AC3342,0.6737197
AC3343,0.7837215
AC3344,1.0064601
AC3345,1.9533806
AC3346,1.7243028
AC3347,1.9406443
AC3348,1.1636051
AC3349,1.5351228
AC3350,0.8680711
AC3351,1.3122463
AC3352,1.0863595
AC3353,0.5246039
AC3354,1.2386354
AC3355,1.4099343
AC3356,1.0863595
AC3357,1.9062355
AC3358,0.6472229
AC3359,1.5610062
AC3360,1.6962309
AC3361,1.9711652
AC3362,0.8399403
AC3363,1.3854386
AC3364,1.9848781
AC3365,0.97923887
AC3366,1.1123908
AC3367,1.5095767
AC3368,1.1123908
AC3369,0.5476029
AC3370,0.6212922
AC3371,1.0333943
AC3372,1.752495
AC3373,0.81179863
AC3374,0.5246039
AC3375,1.8847351
AC3376,1.1888276
AC3377,1.860879
AC3378,1.1381336
AC3379,1.8352156
AC3380,0.4414544
AC3381,1.9893671
AC3382,1.9874262
AC3383,1.9634199
AC3384,1.7243028
AC3385,0.46087003
AC3386,1.3854386
AC3387,1.2138276
AC3388,1.0600287
AC3389,1.5095767
AC3390,0.7007028
AC3391,1.3854386
AC3392,1.8082938
AC3393,0.5024625
AC3394,0.810848
AC3395,1.0863595
AC3396,1.7243028
AC3397,1.2386354
AC3398,1.860879
AC3399,1.9920075
AC3400,1.9062355
AC3401,1.6139122
AC3402,1.5610062
AC3403,1.9874262
AC3404,1.1636051
AC3405,0.95175266
AC3406,1.5610062
AC3407,1.6409705
AC3408,0.7007028
AC3409,0.57141906
AC3410,0.5476029
AC3411,0.5476029
AC3412,1.0600287
AC3413,0.7007028
AC3414,0.48121047
AC3415,1.9634199
AC3416,1.3610202
AC3417,1.4843283
AC3418,0.5476029
AC3419,1.1381336
AC3420,0.81179863
AC3421,1.5095767
AC3422,1.9634199
AC3423,0.8680711
AC3424,1.9533806
AC3425,0.7837215
AC3426,1.1636051
AC3427,1.7243028
AC3428,1.3854386
AC3429,1.3854386
AC3430,0.6212922
AC3431,0.8399403
AC3432,0.7007028
AC3433,1.9062355
AC3434,0.8399403
AC3435,1.3122463
AC3436,1.8847351
AC3437,1.752495
AC3438,1.5351228
AC3439,1.2878084
AC3440,0.95175266
AC3441,1.9920075
AC3442,1.1888276
AC3443,1.3624738
AC3444,0.8713094
AC3445,1.4718409
AC3446,0.6993181
AC3447,1.9644701
AC3448,1.9887862
AC3449,0.9010034
AC3450,1.9561079
AC3451,0.7835243
AC3452,1.9336281
AC3453,1.9808
AC3454,1.9561079
AC3455,1.9336281
AC3456,0.5723382
AC3457,1.9712048
AC3458,1.1948686
AC3459,1.9192448
AC3460,1.1083816
AC3461,1.8639119
AC3462,1.8842432
AC3463,0.5723382
AC3464,0.9606118
AC3465,1.1948686
AC3466,0.9606118
AC3467,1.2514548
AC3468,0.59610534
AC3469,0.99040264
AC3470,1.0201141
AC3471,1.9867386
AC3472,1.137426
AC3473,1.1083816
AC3474,0.6993181
AC3475,0.93079257
AC3476,1.7430632
AC3477,0.9606118
AC3478,1.8186946
AC3479,1.9336281
AC3480,1.9867386
AC3481,1.0497029
AC3482,0.4495653
AC3483,1.1948686
AC3484,1.9458859
AC3485,0.6993181
AC3486,1.8419805
AC3487,1.307271
AC3488,1.2232653
AC3489,1.7942982
AC3490,1.9808
AC3491,0.99040264
AC3492,1.6627431
AC3493,1.2514548
AC3494,1.8842432
AC3495,0.5065954
AC3496,1.137426
AC3497,0.8713094
AC3498,1.9867386
AC3499,0.6993181
AC3500,1.553674
AC3501,0.48660803
AC3502,0.59610534
AC3503,0.5275564
AC3504,1.6627431
AC3505,1.2514548
AC3506,0.7835243
AC3507,1.8419805
AC3508,0.99040264
AC3509,1.1083816
AC3510,0.6993181
AC3511,1.6627431
AC3512,0.5275564
AC3513,0.9010034
AC3514,0.81249344
AC3515,1.6627431
AC3516,1.608278
AC3517,0.48660803
AC3518,1.9808
AC3519,1.0791343
AC3520,0.46759903
AC3521,1.1948686
AC3522,1.4172617
AC3523,1.8842432
AC3524,1.9712048
AC3525,0.4011823
AC3526,1.7430632
AC3527,0.7268584
AC3528,1.4445652
AC3529,0.93079257
AC3530,1.307271
AC3531,1.8639119
AC3532,1.6897925
AC3533,1.8419805
AC3534,1.2794507
AC3535,0.93079257
AC3536,1.9561079
AC3537,1.7690197
AC3538,1.9192448
AC3539,1.7430632
AC3540,1.9841282
AC3541,1.8847351
AC3542,1.3122463
AC3543,0.92403316
AC3544,0.6212922
AC3545,0.48121047
AC3546,1.7243028
AC3547,0.48121047
AC3548,0.5476029
AC3549,0.7837215
AC3550,1.860879
AC3551,1.0600287
AC3552,1.9893671
AC3553,0.8961221
AC3554,1.3610202
AC3555,1.1123908
AC3556,1.5095767
AC3557,1.3610202
AC3558,1.990856
AC3559,1.8847351
AC3560,0.8680711
AC3561,1.2138276
AC3562,1.6139122
AC3563,1.1636051
AC3564,1.9125023
AC3565,0.7029135
AC3566,1.9125023
AC3567,1.0798889
AC3568,1.8527931
AC3569,1.371057
AC3570,1.0798889
AC3571,1.8847351
AC3572,1.2138276
AC3573,1.9406443
AC3574,1.9533806
AC3575,1.9815137
AC3576,1.9634199
AC3577,1.9874262
AC3578,1.6409705
AC3579,1.3366368
AC3580,0.8680711
AC3581,0.6212922
AC3582,0.81179863
AC3583,1.3854386
AC3584,0.5246039
AC3585,1.587261
AC3586,1.1123908
AC3587,1.9711652
AC3588,1.4843283
AC3589,1.1636051
AC3590,1.2878084
AC3591,1.9711652
AC3592,0.5960018
AC3593,1.4345516
AC3594,1.7243028
AC3595,1.9533806
AC3596,1.9062355
AC3597,1.1636051
AC3598,0.5246039
AC3599,1.1381336
AC3600,1.9406443
AC3601,1.6684244
AC3602,1.3610202
AC3603,0.95175266
AC3604,1.8847351
AC3605,0.5476029
AC3606,1.4345516
AC3607,1.3854386
AC3608,1.8847351
AC3609,1.1636051
AC3610,1.1888276
AC3611,1.1888276
AC3612,1.9249439
AC3613,0.8399403
AC3614,1.3366368
AC3615,0.72808814
AC3616,1.9770589
AC3617,1.9406443
AC3618,0.52460384
AC3619,0.8399403
AC3620,1.4593346
AC3621,1.1636051
AC3622,1.2138276
AC3623,0.5024625
AC3624,1.6409705
AC3625,1.9533806
AC3626,1.9533806
AC3627,0.5960018
AC3628,1.3122463
AC3629,1.4843283
AC3630,0.81179863
AC3631,0.6737197
AC3632,0.5246039
AC3633,0.8961221
AC3634,1.9770589
AC3635,0.95175266
AC3636,0.81179863
AC3637,1.3854386
AC3638,0.5476029
AC3639,1.2632838
AC3640,1.0600287
AC3641,1.5610062
AC3642,1.2632838
AC3643,1.9062355
AC3644,1.2386354
AC3645,1.2878084
AC3646,0.4414544
AC3647,1.9634199
AC3648,1.1888276
AC3649,1.1888276
AC3650,0.8680711
AC3651,0.7557898
AC3652,1.3854386
AC3653,1.587261
AC3654,1.5095767
AC3655,0.6737197
AC3656,0.8680711
AC3657,1.587261
AC3658,1.6684244
AC3659,1.9406443
AC3660,0.5476029
AC3661,1.1636051
AC3662,1.8352156
AC3663,1.2386354
AC3664,1.9249439
AC3665,1.3854386
AC3666,1.6139122
AC3667,0.5960018
AC3668,1.9848781
AC3669,0.81179863
AC3670,0.4414544
AC3671,1.3122463
AC3672,0.5024625
AC3673,0.6472229
AC3674,1.9406443
AC3675,1.990856
AC3676,1.5351228
AC3677,1.0600287
AC3678,1.2878084
AC3679,0.5476029
AC3680,1.1888276
AC3681,1.3610202
AC3682,1.3122463
AC3683,1.4593346
AC3684,1.9920075
AC3685,0.7837215
AC3686,1.3366368
AC3687,1.8352156
AC3688,1.2138276
AC3689,1.2632838
AC3690,1.3610202
AC3691,0.95175266
AC3692,0.7557898
AC3693,1.4099343
AC3694,1.8352156
AC3695,1.3610202
AC3696,1.3366368
AC3697,1.8352156
AC3698,1.0064601
AC3699,1.587261
AC3700,1.6139122
AC3701,1.2138276
AC3702,1.1381336
AC3703,0.6737197
AC3704,1.2386354
AC3705,1.1888276
AC3706,1.0333943
AC3707,1.9249439
AC3708,1.752495
AC3709,1.6962309
AC3710,1.6684244
AC3711,1.9770589
AC3712,0.48121047
AC3713,1.9770586
AC3714,0.44145435
AC3715,1.1381336
AC3716,1.8847351
AC3717,0.72808814
AC3718,1.4843283
AC3719,1.6962309
AC3720,0.92403316
AC3721,1.3366368
AC3722,1.3366368
AC3723,1.9893671
AC3724,0.7007028
AC3725,1.4843283
AC3726,0.57141906
AC3727,0.8399403
AC3728,1.0064601
AC3729,1.9920075
AC3730,1.4843283
AC3731,1.0064601
AC3732,1.7243028
AC3733,0.97923887
AC3734,0.92403316
AC3735,1.6962309
AC3736,0.8961221
AC3737,0.8399403
AC3738,1.0621878
AC3739,0.7924123
AC3740,1.7957671
AC3741,1.9848781
AC3742,1.1381336
AC3743,0.5246039
AC3744,1.6409705
AC3745,0.52460384
AC3746,1.0600287
AC3747,1.9711652
AC3748,0.95175266
AC3749,1.6139122
AC3750,1.3854386
AC3751,0.57141906
AC3752,1.9893671
AC3753,1.2138276
AC3754,1.6409705
AC3755,1.860879
AC3756,1.5610062
AC3757,0.8961221
AC3758,0.48121047
AC3759,0.8399403
AC3760,0.6212922
AC3761,0.4414544
AC3762,1.1888276
AC3763,1.1636051
AC3764,1.1123908
AC3765,1.0600287
AC3766,1.9874262
AC3767,1.752495
AC3768,0.46087003
AC3769,1.4843283
AC3770,0.7837215
AC3771,0.5960018
AC3772,1.9920075
AC3773,1.3366368
AC3774,1.0863595
AC3775,1.3610202
AC3776,1.9711652
AC3777,1.0333943
AC3778,0.5960018
AC3779,0.5024625
AC3780,0.8680711
AC3781,1.3854386
AC3782,0.97923887
AC3783,1.1381336
AC3784,0.81179863
AC3785,1.4843283
AC3786,1.3610202
AC3787,1.3122463
AC3788,1.9848781
AC3789,1.9249439
AC3790,1.9848781
AC3791,0.8399403
AC3792,1.6139122
AC3793,1.9770589
AC3794,0.8680711
AC3795,1.8847351
AC3796,1.9634199
AC3797,1.0863595
AC3798,1.0863595
AC3799,0.5024625
AC3800,1.9893671
AC3801,1.860879
AC3802,0.6737197
AC3803,1.4099343
AC3804,0.6212922
AC3805,1.0863595
AC3806,1.9874262
AC3807,1.7805915
AC3808,1.860879
AC3809,1.3366368
AC3810,0.72808814
AC3811,1.3122463
AC3812,1.4843283
AC3813,1.8352156
AC3814,1.6409705
AC3815,0.8680711
AC3816,1.3854386
AC3817,1.9848781
AC3818,1.9249439
AC3819,1.9848781
AC3820,0.72808814
AC3821,0.81179863
AC3822,1.2632838
AC3823,0.6212922
AC3824,1.8352156
AC3825,1.3854386
AC3826,0.4414544
AC3827,0.6737197
AD1,0.5476029
AD2,1.8847351
AD3,1.9848781
AD4,1.6684244
AD5,1.4593346
AD6,1.0333943
AD7,1.9533806
AD8,0.5246039
AD9,1.2878084
AD10,1.4099343
AD11,0.48121047
AD12,1.0863595
AD13,1.9848781
AD14,1.9770586
AD15,1.6962309
AD16,1.3366368
AD17,0.92403316
AD18,1.9874262
AD19,0.72808814
AD20,0.57141906
AD21,0.48121047
AD22,0.7007028
AD23,1.9770589
AD24,1.1636051
AD25,1.9406443
AD26,1.1636051
AD27,1.0600287
AD28,1.7243028
AD29,1.9848781
AD30,0.7837215
AD31,1.3610202
AD32,1.6139122
AD33,0.48121047
AD34,1.3854386
AD35,1.8352156
AD36,0.7557898
AD37,0.7837215
AD38,1.1381336
AD39,1.4099343
AD40,1.4345516
AD41,1.7243028
AD42,1.7805915
AD43,1.1636051
AD44,0.7007028
AD45,1.8352156
AD46,0.8680711
AD47,1.2878084
AD48,1.9249439
AD49,1.0333943
AD50,1.5351228
AD51,1.587261
AD52,0.48121047
AD53,1.9533806
AD54,1.1381336
AD55,1.9920075
AD56,1.6684244
AD57,0.8680711
AD58,0.72808814
AD59,1.3854386
AD60,1.5610062
AD61,1.0064601
AD62,0.5246039
AD63,0.8961221
AD64,0.46087003
AD65,1.9249439
AD66,1.4593346
AD67,0.7007028
AD68,1.7805915
AD69,0.81179863
AD70,0.5246039
AD71,0.46087003
AD72,1.0064601
AD73,0.5960018
AD74,0.6472229
AD75,1.2138276
AD76,0.7007028
AD77,0.6212922
AD78,1.0600287
AD79,1.6962309
AD80,1.8352156
AD81,1.6409705
AD82,1.4593346
AD83,1.9406443
AD84,1.1888276
AD85,1.9920075
AD86,1.1381336
AD87,0.5024625
AD88,0.4414544
AD89,1.990856
AD90,1.3610202
AD91,1.3366368
AD92,1.9874262
AD93,1.6962309
AD94,1.587261
AD95,0.4414544
AD96,1.9770589
AD97,0.72808814
AD98,0.5476029
AD99,0.6472229
AD100,1.9249439
AD101,1.9711652
AD102,1.9406443
AD103,1.8847351
AD104,1.6962309
AD105,1.7243028
AD106,1.2878084
AD107,0.92403316
AD108,1.4099343
AD109,1.752495
AD110,0.95175266
AD111,0.72808814
AD112,0.8680711
AD113,1.5095767
AD114,1.9848781
AD115,0.72808814
AD116,0.5246039
AD117,1.6139122
AD118,1.8352156
AD119,0.6472229
AD120,1.752495
AD121,1.0064601
AD122,1.9770589
AD123,1.4345516
AD124,1.6409705
AD125,1.0333943
AD126,1.9062355
AD127,0.48121047
AD128,1.5610062
AD129,1.752495
AD130,0.7007028
AD131,1.1888276
AD132,0.46087003
AD133,1.2386354
AD134,1.8082938
AD135,1.8352156
AD136,1.4099343
AD137,0.48121047
AD138,0.4414544
AD139,0.6212922
AD140,1.3122463
AD141,1.3610202
AD142,1.9874262
AD143,1.6409705
AD144,1.8352156
AD145,0.8680711
AD146,1.2632838
AD147,1.4843283
AD148,0.6472229
AD149,1.2138276
AD150,0.81179863
AD151,1.9062355
AD152,1.7243028
AD153,1.1636051
AD154,1.2386354
AD155,1.5610062
AD156,1.9848781
AD157,0.6472229
AD158,1.1381336
AD159,1.0863595
AD160,1.2878084
AD161,0.6737197
AD162,1.3366368
AD163,1.8082938
AD164,1.9848781
AD165,0.5476029
AD166,1.9711652
AD167,1.2632838
AD168,1.9634199
AD169,0.6472229
AD170,0.57141906
AD171,0.7007028
AD172,0.7557898
AD173,0.72808814
AD174,1.0064601
AD175,0.81179863
AD176,0.97923887
AD177,1.1888276
AD178,1.9533806
AD179,0.5960018
AD180,0.8680711
AD181,1.9533806
AD182,0.6737197
AD183,1.1123908
AD184,1.4843283
AD185,1.9533806
AD186,1.9406443
AD187,1.990856
AD188,0.46087003
AD189,1.6962309
AD190,1.9249439
AD191,1.6409705
AD192,1.5351228
AD193,1.7243028
AD194,0.6212922
AD195,0.46087003
AD196,0.7837215
AD197,1.3610202
AD198,1.2632838
AD199,0.8961221
AD200,1.2878084
AD201,1.9874262
AD202,1.9848781
AD203,1.6409705
AD204,1.6962309
AD205,0.5476029
AD206,1.96342
AD207,1.4345516
AD208,1.9711652
AD209,0.5960018
AD210,1.8352156
AD211,1.7805915
AD212,0.57141906
AD213,1.990856
AD214,0.48121047
AD215,1.5095767
AD216,1.3366368
AD217,1.4250371
AD218,1.3178664
AD219,0.94445604
AD220,1.9864545
AD221,1.0530303
AD222,1.5082357
AD223,1.9643857
AD224,0.8353072
AD225,0.7548911
AD226,0.78143656
AD227,0.8082638
AD228,1.9125023
AD229,0.9171285
AD230,1.1861501
AD231,0.9717381
AD232,1.4250371
AD233,1.0260454
AD234,1.1597356
AD235,1.949502
AD236,1.957722
AD237,1.8752816
AD238,1.9848468
AD239,1.9877956
AD240,1.2124995
AD241,0.9989426
AD242,0.62870646
AD243,1.4524326
AD244,0.48028177
AD245,1.9829063
AD246,1.773219
AD247,1.949502
AD248,1.9848468
AD249,1.2388117
AD250,1.2388117
AD251,0.94445604
AD252,1.5367041
AD253,0.56037974
AD254,1.957722
AD255,0.49905306
AD256,1.9829063
AD257,1.0530303
AD258,1.8280187
AD259,0.7548911
AD260,0.56037974
AD261,1.1861501
AD262,1.0530303
AD263,1.1123908
AD264,1.587261
AD265,1.4099343
AD266,1.9848781
AD267,1.9770589
AD268,1.4593346
AD269,1.3610202
AD270,1.6409705
AD271,0.44145435
AD272,1.9874262
AD273,1.0863595
AD274,1.1381336
AD275,1.9533806
AD276,1.1123908
AD277,0.7007028
AD278,1.5095767
AD279,0.92403316
AD280,1.9848781
AD281,1.9874262
AD282,1.2138276
AD283,1.0064601
AD284,0.8680711
AD285,0.95175266
AD286,0.7557898
AD287,1.0064601
AD288,1.1888276
AD289,0.92403316
AD290,0.57141906
AD291,1.6409705
AD292,0.8399403
AD293,1.4345516
AD294,1.4843283
AD295,1.1381336
AD296,1.587261
AD297,1.9711652
AD298,0.7557898
AD299,0.97923887
AD300,1.9249439
AD301,1.9920075
AD302,0.6737197
AD303,1.0333943
AD304,1.990856
AD305,1.7805915
AD306,1.4345516
AD307,0.48121047
AD308,1.3854386
AD309,1.2386354
AD310,1.2386354
AD311,1.5610062
AD312,1.860879
AD313,1.9893671
AD314,1.9893671
AD315,1.0333943
AD316,0.95175266
AD317,0.7007028
AD318,1.0600287
AD319,1.9634199
AD320,1.9874262
AD321,1.3854386
AD322,0.5024625
AD323,0.48121047
AD324,1.8847351
AD325,1.4593346
AD326,1.4099343
AD327,0.72808814
AD328,0.5476029
AD329,0.97923887
AD330,1.9893671
AD331,1.8082938
AD332,0.8961221
AD333,0.8399403
AD334,1.3159375
AD335,1.3649709
AD336,1.9681253
AD337,0.86018014
AD338,1.1906699
AD339,1.8934549
AD340,1.8550915
AD341,0.48597825
AD342,1.972945
AD343,1.972945
AD344,1.7376243
AD345,1.2664198
AD346,1.9769034
AD347,0.94688755
AD348,1.9465494
AD349,0.94688755
AD350,1.1124535
AD351,1.1388413
AD352,1.1649063
AD353,1.3159374
AD354,0.7152095
AD355,1.0586479
AD356,1.8934549
AD357,1.085726
AD358,1.9465494
AD359,1.9362433
AD360,1.0586479
AD361,0.86018014
AD362,1.8751615
AD363,1.8335074
AD364,0.9753149
AD365,1.438184
AD366,1.0586479
AD367,0.50801945
AD368,0.44495982
AD369,1.0586479
AD370,1.3893882
AD371,1.3893882
AD372,0.8892645
AD373,1.9551461
AD374,0.44495982
AD375,0.46495283
AD376,1.0312151
AD377,1.2912556
AD378,0.5550262
AD379,0.42600536
AD380,0.46495283
AD381,1.4871275
AD382,1.3159374
AD383,1.6113045
AD384,1.9769034
AD385,1.1906699
AD386,1.0586479
AD387,1.4137821
AD388,1.4871275
AD389,0.5799016
AD390,1.8550915
AD391,1.438184
AD392,1.9551461
AD393,1.3649709
AD394,0.5310484
AD395,0.9181876
AD396,1.2413976
AD397,0.77273726
AD398,1.1388413
AD399,1.1124535
AD400,1.5612521
AD401,1.0034326
AD402,1.2664198
AD403,0.7152095
AD404,1.9681253
AD405,1.8106976
AD406,0.86018014
AD407,0.8892645
AD408,1.8335074
AD409,1.2912556
AD410,1.1124535
AD411,0.77273726
AD412,0.74383014
AD413,1.8934549
AD414,0.77273726
AD415,1.085726
AD416,1.085726
AD417,1.7124566
AD418,1.2664198
AD419,1.5117209
AD420,1.4871275
AD421,1.9551461
AD422,1.0312151
AD423,0.63208544
AD424,0.5550262
AD425,0.9753149
AD426,0.8892645
AD427,0.44495982
AD428,1.2413976
AD429,1.438184
AD430,1.0312151
AD431,1.7625146
AD432,0.48597825
AD433,1.0312151
AD434,1.1906699
AD435,0.68697834
AD436,1.2413976
AD437,0.9181876
AD438,1.1906699
AD439,1.9681253
AD440,1.0312151
AD441,0.46495283
AD442,1.9240286
AD443,0.86018014
AD444,0.48597825
AD445,1.536424
AD446,0.44495982
AD447,0.46495283
AD448,0.6056124
AD449,1.3404982
AD450,1.2161577
AD451,1.4871275
AD452,1.3404982
AD453,1.3893882
AD454,1.2413976
AD455,0.74383014
AD456,1.1124535
AD457,1.972945
AD458,1.6365144
AD459,0.6056124
AD460,1.9362433
AD461,1.7869468
AD462,1.3159375
AD463,0.5799016
AD464,0.74383014
AD465,0.5310484
AD466,0.6056124
AD467,1.9622619
AD468,0.46495283
AD469,1.9097748
AD470,1.8106976
AD471,1.9240286
AD472,0.5310484
AD473,1.9622619
AD474,1.7376243
AD475,1.3893882
AD476,1.438184
AD477,0.65923774
AD478,1.1388413
AD479,1.6365144
AD480,1.9240286
AD481,0.5310484
AD482,1.3159374
AD483,1.3893882
AD484,1.0586479
AD485,0.9181876
AD486,1.536424
AD487,1.6618129
AD488,1.2161577
AD489,1.8550915
AD490,1.8934549
AD491,1.2664198
AD492,0.9181876
AD493,0.46495283
AD494,1.536424
AD495,0.48597825
AD496,0.42600536
AD497,1.536424
AD498,1.8934549
AD499,1.4871275
AD500,0.68697834
AD501,1.1124535
AD502,1.1124535
AD503,0.8892645
AD504,0.6056124
AD505,1.4871275
AD506,0.86018014
AD507,0.6056124
AD508,1.2664198
AD509,1.8934549
AD510,0.9181876
AD511,1.2912556
AD512,1.3159374
AD513,1.9097748
AD514,1.9097748
AD515,0.63208544
AD516,1.4626234
AD517,0.74383014
AD518,0.74383014
AD519,1.972945
AD520,1.6618129
AD521,0.44495982
AD522,1.3404982
AD523,0.42600536
AD524,1.1906699
AD525,1.3893882
AD526,1.9551461
AD527,0.94688755
AD528,1.536424
AD529,1.8335074
AD530,0.50801945
AD531,1.9681253
AD532,0.9181876
AD533,0.5550262
AD534,1.536424
AD535,1.0312151
AD536,1.4626234
AD537,1.2664198
AD538,1.9465494
AD539,1.9681253
AD540,1.8106976
AD541,1.3893882
AD542,1.9681253
AD543,1.7376243
AD544,0.86018014
AD545,1.3649709
AD546,0.9181876
AD547,0.9181876
AD548,1.3159374
AD549,1.1906699
AD550,1.0034326
AD551,0.44495982
AD552,0.46495283
AD553,1.1124535
AD554,1.085726
AD555,1.6365144
AD556,1.6113045
AD557,1.6618129
AD558,1.9769034
AD559,1.1649063
AD560,0.5550262
AD561,0.5310484
AD562,1.4626234
AD563,0.74383014
AD564,1.972945
AD565,1.438184
AD566,1.9801548
AD567,1.8082938
AD568,0.6472229
AD569,1.1888276
AD570,1.1636051
AD571,0.7557898
AD572,0.92403316
AD573,0.5960018
AD574,0.4414544
AD575,1.7805915
AD576,1.6684244
AD577,1.9634199
AD578,1.9893671
AD579,1.3610202
AD580,0.7837215
AD581,1.5351228
AD582,0.8961221
AD583,1.1636051
AD584,1.9893671
AD585,1.1123908
AD586,0.7557898
AD587,1.0064601
AD588,1.2386354
AD589,1.1636051
AD590,1.1636051
AD591,1.9920074
AD592,0.72808814
AD593,1.3366368
AD594,1.9848781
AD595,1.2138276
AD596,0.5246039
AD597,1.990856
AD598,1.9062355
AD599,1.9920075
AD600,1.5351228
AD601,0.92403316
AD602,1.990856
AD603,1.752495
AD604,1.587261
AD605,0.7557898
AD606,0.6212922
AD607,1.3610202
AD608,1.7805915
AD609,1.9920075
AD610,1.5610062
AD611,1.8082938
AD612,1.1381336
AD613,1.9249439
AD614,0.7837215
AD615,0.8961221
AD616,1.7805915
AD617,1.4345516
AD618,1.1888276
AD619,1.752495
AD620,1.1888276
AD621,1.9406443
AD622,1.2138276
AD623,0.97923887
AD624,1.9634199
AD625,1.9062355
AD626,0.7007028
AD627,0.6737197
AD628,1.2386354
AD629,1.9711652
AD630,1.0600287
AD631,1.0600287
AD632,1.9874262
AD633,1.4593346
AD634,0.8399403
AD635,0.7557898
AD636,0.7557898
AD637,1.4843283
AD638,1.587261
AD639,1.9770589
AD640,1.2386354
AD641,0.5476029
AD642,1.9920075
AD643,1.4345516
AD644,0.97923887
AD645,1.860879
AD646,1.0064601
AD647,1.5095767
AD648,0.95175266
AD649,1.9874262
AD650,0.5476029
AD651,1.5095767
AD652,1.4345516
AD653,0.6737197
AD654,0.48121047
AD655,0.6737197
AD656,1.752495
AD657,0.8961221
AD658,1.9770589
AD659,1.9848781
AD660,1.587261
AD661,0.5024625
AD662,1.9406443
AD663,0.5246039
AD664,1.9634199
AD665,1.1123908
AD666,1.9634199
AD667,1.9249439
AD668,1.3366368
AD669,1.6409705
AD670,0.81179863
AD671,0.5476029
AD672,0.6472229
AD673,1.9848781
AD674,1.4843283
AD675,0.95175266
AD676,1.990856
AD677,0.4414544
AD678,0.6472229
AD679,1.7243028
AD680,1.2386354
AD681,0.8680711
AD682,1.1381336
AD683,0.7557898
AD684,0.6212922
AD685,1.9062355
AD686,0.5960018
AD687,0.7837215
AD688,1.3122463
AD689,0.95175266
AD690,1.7805915
AD691,0.48121047
AD692,1.4099343
AD693,1.5610062
AD694,1.9770589
AD695,1.0863595
AD696,0.8399403
AD697,1.6139122
AD698,0.72808814
AD699,0.6472229
AD700,1.1888276
AD701,1.5610062
AD702,0.8399403
AD703,0.57141906
AD704,1.3610202
AD705,0.48121047
AD706,0.48121047
AD707,0.7557898
AD708,1.9848781
AD709,1.860879
AD710,1.8352156
AD711,1.4843283
AD712,0.57141906
AD713,1.990856
AD714,1.9770589
AD715,1.9920075
AD716,1.3122463
AD717,1.0064601
AD718,1.9062355
AD719,1.5351228
AD720,1.587261
AD721,0.6212922
AD722,1.1888276
AD723,1.752495
AD724,1.6684244
AD725,0.5024625
AD726,0.5960018
AD727,1.9711652
AD728,1.1636051
AD729,1.8847351
AD730,0.6472229
AD731,1.0863595
AD732,0.48121047
AD733,1.6139122
AD734,1.6684244
AD735,1.9893671
AD736,1.7805915
AD737,0.4414544
AD738,0.7837215
AD739,1.3854386
AD740,1.9249439
AD741,0.5476029
AD742,0.6472229
AD743,0.6737197
AD744,0.92403316
AD745,1.5095767
AD746,1.9893671
AD747,0.6472229
AD748,1.7805915
AD749,0.97923887
AD750,1.96342
AD751,0.7007028
AD752,1.0064601
AD753,1.8082938
AD754,0.6212922
AD755,0.8680711
AD756,0.6472229
AD757,1.6962309
AD758,1.6409705
AD759,1.9893671
AD760,1.7805915
AD761,1.9848781
AD762,0.5246039
AD763,1.9533806
AD764,1.9249439
AD765,1.1636051
AD766,0.57141906
AD767,1.9711652
AD768,1.4345516
AD769,1.6684244
AD770,1.1123908
AD771,1.5095767
AD772,1.9874262
AD773,1.3854386
AD774,0.8680711
AD775,0.5476029
AD776,0.6737197
AD777,0.7837215
AD778,1.8847351
AD779,1.9062355
AD780,0.81179863
AD781,0.46087003
AD782,0.5960018
AD783,1.2386354
AD784,1.587261
AD785,1.1123908
AD786,1.4345516
AD787,1.7805915
AD788,0.8399403
AD789,0.8680711
AD790,0.5476029
AD791,1.9249439
AD792,0.5476029
AD793,1.4843283
AD794,0.72808814
AD795,1.9406443
AD796,0.7007028
AD797,0.6472229
AD798,0.7837215
AD799,1.5610062
AD800,1.4593346
AD801,0.7557898
AD802,0.57141906
AD803,1.7243028
AD804,1.9249439
AD805,1.0600287
AD806,0.46087003
AD807,1.6139122
AD808,1.860879
AD809,1.2386354
AD810,0.6737197
AD811,1.9533806
AD812,1.2878084
AD813,1.2138276
AD814,1.3122463
AD815,1.2878084
AD816,1.990856
AD817,1.4099343
AD818,0.5024625
AD819,0.7837215
AD820,1.9533806
AD821,1.6684244
AD822,1.9711652
AD823,0.5960018
AD824,1.4099343
AD825,1.9893671
AD826,1.0064601
AD827,1.8847351
AD828,1.9533806
AD829,0.92403316
AD830,1.0600287
AD831,0.5024625
AD832,1.5351228
AD833,1.2878084
AD834,1.9920075
AD835,0.46087003
AD836,1.2632838
AD837,1.0863595
AD838,1.9249439
AD839,1.1888276
AD840,1.1381336
AD841,1.6962309
AD842,1.6684244
AD843,1.9874262
AD844,1.3610202
AD845,1.1123908
AD846,1.9848781
AD847,1.6139122
AD848,1.1381336
AD849,0.7007028
AD850,1.6962309
AD851,1.9893671
AD852,1.9893671
AD853,1.0064601
AD854,1.8082938
AD855,1.9893671
AD856,0.72808814
AD857,1.9815137
AD858,1.6409705
AD859,0.7557898
AD860,1.4345516
AD861,1.4099343
AD862,1.9711652
AD863,1.5095767
AD864,1.9893671
AD865,1.9815137
AD866,1.3854386
AD867,0.5960018
AD868,0.92403316
AD869,1.9406443
AD870,0.8680711
AD871,1.6409705
AD872,1.860879
AD873,1.7805915
AD874,1.3854386
AD875,0.7007028
AD876,1.3854386
AD877,1.0064601
AD878,1.0064601
AD879,1.1381335
AD880,1.8847351
AD881,0.4414544
AD882,1.8352156
AD883,1.9893671
AD884,0.4414544
AD885,0.48121047
AD886,1.9711652
AD887,1.8847351
AD888,1.2138276
AD889,1.3854386
AD890,1.2878084
AD891,0.8399403
AD892,0.97923887
AD893,1.9848781
AD894,0.8680711
AD895,0.8399403
AD896,1.1123908
AD897,0.5476029
AD898,1.9533806
AD899,1.3366368
AD900,1.990856
AD901,1.1888276
AD902,1.9062355
AD903,1.2386354
AD904,1.0064601
AD905,1.9893671
AD906,1.1888276
AD907,0.5024625
AD908,1.0064601
AD909,0.6472229
AD910,0.95175266
AD911,1.0600287
AD912,0.6472229
AD913,0.7557898
AD914,1.2878084
AD915,1.9249439
AD916,1.1636051
AD917,1.9249439
AD918,1.3122463
AD919,0.7837215
AD920,0.5024625
AD921,0.7557898
AD922,0.46087003
AD923,0.57141906
AD924,0.72808814
AD925,1.0600287
AD926,1.9848781
AD927,1.9711652
AD928,1.0064601
AD929,1.4843283
AD930,1.3610202
AD931,0.5476029
AD932,0.97923887
AD933,1.3122463
AD934,1.7805915
AD935,1.5351228
AD936,1.3854386
AD937,0.48121047
AD938,0.72808814
AD939,1.5095767
AD940,1.4099343
AD941,1.9406443
AD942,0.81179863
AD943,0.95175266
AD944,1.9062355
AD945,0.7557898
AD946,0.7007028
AD947,1.9533806
AD948,0.4414544
AD949,0.5960018
AD950,1.6409705
AD951,1.4593346
AD952,1.3366368
AD953,1.9249439
AD954,1.4345516
AD955,0.57141906
AD956,0.5246039
AD957,1.9406443
AD958,1.8847351
AD959,1.9920075
AD960,1.4345516
AD961,1.9815137
AD962,1.9533806
AD963,1.9920075
AD964,1.0600287
AD965,1.9848781
AD966,0.8399403
AD967,0.48121047
AD968,0.5246039
AD969,1.1123908
AD970,1.1888276
AD971,1.990856
AD972,0.81179863
AD973,1.9920075
AD974,1.9062355
AD975,1.4099343
AD976,1.9634199
AD977,1.4843283
AD978,1.9874262
AD979,1.8847351
AD980,0.7837215
AD981,1.9815137
AD982,1.9920075
AD983,1.6684244
AD984,1.1888276
AD985,1.3610202
AD986,1.9874262
AD987,1.9711652
AD988,1.990856
AD989,1.0333943
AD990,0.72808814
AD991,0.5476029
AD992,0.8961221
AD993,1.7805915
AD994,1.9634199
AD995,0.48121047
AD996,0.5246039
AD997,1.9634199
AD998,0.5476029
AD999,1.1123908
AD1000,1.6962309
AD1001,1.860879
AD1002,1.2386354
AD1003,0.4414544
AD1004,1.6684244
AD1005,1.5610062
AD1006,0.44145435
AD1007,0.8680711
AD1008,1.990856
AD1009,1.1888276
AD1010,1.8082938
AD1011,1.9634199
AD1012,0.4414544
AD1013,1.6962309
AD1014,1.587261
AD1015,0.5960018
AD1016,0.8399403
AD1017,1.2632838
AD1018,1.5095767
AD1019,1.9533806
AD1020,0.6737197
AD1021,1.6139122
AD1022,1.9711652
AD1023,1.6139122
AD1024,0.7837215
AD1025,1.8352156
AD1026,0.92403316
AD1027,0.97923887
AD1028,0.7837215
AD1029,0.6472229
AD1030,1.5095767
AD1031,1.9406443
AD1032,0.97923887
AD1033,0.95175266
AD1034,0.6472229
AD1035,1.1381336
AD1036,1.6962309
AD1037,1.4099343
AD1038,0.8961221
AD1039,1.1381335
AD1040,0.97923887
AD1041,1.8352156
AD1042,1.2632838
AD1043,1.8082938
AD1044,1.587261
AD1045,1.4099343
AD1046,1.1381336
AD1047,1.5095767
AD1048,1.2632838
AD1049,0.4414544
AD1050,1.1123908
AD1051,1.9815137
AD1052,0.5246039
AD1053,0.92403316
AD1054,1.9249439
AD1055,0.92403316
AD1056,1.9920075
AD1057,0.5476029
AD1058,1.9406443
AD1059,1.3122463
AD1060,1.8082938
AD1061,1.1888276
AD1062,1.9815137
AD1063,1.4843283
AD1064,1.8352156
AD1065,0.6737197
AD1066,0.81179863
AD1067,1.6684244
AD1068,1.6684244
AD1069,1.6684244
AD1070,0.44145435
AD1071,1.4843283
AD1072,1.4099343
AD1073,1.9770589
AD1074,1.587261
AD1075,0.8680711
AD1076,0.92403316
AD1077,0.72808814
AD1078,1.4593346
AD1079,0.6212922
AD1080,1.2632838
AD1081,1.7805915
AD1082,1.9634199
AD1083,1.3122463
AD1084,0.7837215
AD1085,1.4843283
AD1086,1.0333943
AD1087,0.72808814
AD1088,1.9874262
AD1089,1.2878084
AD1090,0.7557898
AD1091,1.7243028
AD1092,0.8961221
AD1093,1.3366368
AD1094,1.5610062
AD1095,1.4843283
AD1096,1.9848781
AD1097,1.3854386
AD1098,0.5960018
AD1099,0.5960018
AD1100,1.0333943
AD1101,1.9533806
AD1102,1.1123908
AD1103,0.8399403
AD1104,0.5960018
AD1105,1.3610202
AD1106,1.9848781
AD1107,1.6409705
AD1108,1.752495
AD1109,1.2386354
AD1110,1.9634199
AD1111,1.9249439
AD1112,0.6472229
AD1113,0.57141906
AD1114,1.5095767
AD1115,0.6737197
AD1116,1.4593346
AD1117,1.9770589
AD1118,1.5610062
AD1119,1.587261
AD1120,1.2632838
AD1121,0.48121047
AD1122,1.0600287
AD1123,1.9406443
AD1124,1.0064601
AD1125,0.8399403
AD1126,1.8352156
AD1127,1.4593346
AD1128,0.92403316
AD1129,1.8847351
AD1130,1.1636051
AD1131,1.2138276
AD1132,1.4099343
AD1133,0.4414544
AD1134,1.2632838
AD1135,0.5024625
AD1136,1.8847351
AD1137,0.4414544
AD1138,0.8399403
AD1139,1.0064601
AD1140,1.5095767
AD1141,1.6962309
AD1142,1.9634199
AD1143,1.5610062
AD1144,1.5095767
AD1145,1.9920075
AD1146,1.3122463
AD1147,1.5610062
AD1148,1.2878084
AD1149,1.2878084
AD1150,0.5024625
AD1151,1.5610062
AD1152,0.95175266
AD1153,0.6212922
AD1154,0.8399403
AD1155,1.860879
AD1156,1.0863595
AD1157,1.4593346
AD1158,0.5024625
AD1159,1.0863595
AD1160,0.6472229
AD1161,1.3854386
AD1162,0.5024625
AD1163,0.4414544
AD1164,1.7805915
AD1165,0.6212922
AD1166,1.6139122
AD1167,1.587261
AD1168,1.4345516
AD1169,1.2632838
AD1170,1.3122463
AD1171,1.9770589
AD1172,1.9533806
AD1173,1.6962309
AD1174,1.9533806
AD1175,1.7805915
AD1176,1.2138276
AD1177,0.48121047
AD1178,1.4843283
AD1179,1.8082938
AD1180,1.0333943
AD1181,1.2632838
AD1182,0.7557898
AD1183,0.46087003
AD1184,1.2878084
AD1185,0.72808814
AD1186,1.7805915
AD1187,0.6212922
AD1188,1.0333943
AD1189,1.9848781
AD1190,1.587261
AD1191,1.0064601
AD1192,1.1123908
AD1193,1.6962309
AD1194,1.3610202
AD1195,1.990856
AD1196,1.3854386
AD1197,1.9874262
AD1198,0.57141906
AD1199,0.57141906
AD1200,0.8399403
AD1201,1.2138276
AD1202,1.587261
AD1203,1.6139122
AD1204,1.0863595
AD1205,1.8352156
AD1206,1.3366368
AD1207,0.6472229
AD1208,0.4414544
AD1209,1.2878084
AD1210,0.4414544
AD1211,1.9920075
AD1212,1.3854386
AD1213,1.9533806
AD1214,1.4593346
AD1215,1.1381336
AD1216,1.4099343
AD1217,1.9711652
AD1218,1.9406443
AD1219,1.1381336
AD1220,1.2878084
AD1221,0.92403316
AD1222,1.9533806
AD1223,0.7007028
AD1224,1.9893671
AD1225,0.6212922
AD1226,1.1123908
AD1227,1.752495
AD1228,1.1381336
AD1229,1.5095767
AD1230,1.9770586
AD1231,1.0064601
AD1232,0.95175266
AD1233,1.4843283
AD1234,1.5351228
AD1235,1.8847351
AD1236,1.2878084
AD1237,1.9533806
AD1238,0.8399403
AD1239,1.0863595
AD1240,1.9770589
AD1241,0.81179863
AD1242,1.1636051
AD1243,0.6472229
AD1244,1.8847351
AD1245,1.1888276
AD1246,0.57141906
AD1247,1.9815137
AD1248,0.8680711
AD1249,1.860879
AD1250,1.9920075
AD1251,1.9770589
AD1252,1.1381336
AD1253,1.0600287
AD1254,1.9874262
AD1255,1.6409705
AD1256,1.1636051
AD1257,0.81179863
AD1258,1.4593346
AD1259,1.9634199
AD1260,0.48121047
AD1261,1.7805915
AD1262,0.5024625
AD1263,1.4843283
AD1264,1.1636051
AD1265,1.860879
AD1266,0.48121047
AD1267,1.6409705
AD1268,1.9815137
AD1269,0.6472229
AD1270,1.9406443
AD1271,1.9893671
AD1272,1.1123908
AD1273,1.7805915
AD1274,1.1123908
AD1275,1.0064601
AD1276,0.7557898
AD1277,1.6684244
AD1278,0.95175266
AD1279,0.5246039
AD1280,0.6737197
AD1281,1.4843283
AD1282,1.9533806
AD1283,1.1888276
AD1284,1.5610062
AD1285,1.4099343
AD1286,0.46087003
AD1287,1.9770589
AD1288,0.8961221
AD1289,1.2386354
AD1290,0.7837215
AD1291,1.2878084
AD1292,0.57141906
AD1293,1.8082938
AD1294,1.5351228
AD1295,1.6684244
AD1296,1.6139122
AD1297,1.6139122
AD1298,0.57141906
AD1299,1.3366368
AD1300,1.1381336
AD1301,1.1123908
AD1302,1.1381336
AD1303,1.752495
AD1304,1.3366368
AD1305,1.0863595
AD1306,0.6737197
AD1307,1.0600287
AD1308,1.587261
AD1309,0.81179863
AD1310,1.3610202
AD1311,1.4843283
AD1312,1.587261
AD1313,1.0064601
AD1314,1.9770589
AD1315,1.4843283
AD1316,1.6962309
AD1317,1.4345516
AD1318,1.9533806
AD1319,1.2138276
AD1320,0.57141906
AD1321,1.8847351
AD1322,0.95175266
AD1323,1.4593346
AD1324,1.4593346
AD1325,1.9249439
AD1326,0.8399403
AD1327,1.990856
AD1328,1.9406443
AD1329,1.587261
AD1330,0.5246039
AD1331,1.3610202
AD1332,1.8352156
AD1333,1.9634199
AD1334,0.95175266
AD1335,1.4345516
AD1336,1.2632838
AD1337,1.860879
AD1338,1.9770589
AD1339,1.3122463
AD1340,1.9874262
AD1341,1.587261
AD1342,1.7243028
AD1343,1.7243028
AD1344,1.3854386
AD1345,1.9770589
AD1346,1.752495
AD1347,0.8680711
AD1348,1.7243028
AD1349,0.46087003
AD1350,1.752495
AD1351,0.46087003
AD1352,0.7007028
AD1353,1.7805915
AD1354,1.6684244
AD1355,1.0333943
AD1356,0.72808814
AD1357,1.3366368
AD1358,1.9533806
AD1359,1.1636051
AD1360,0.8399403
AD1361,1.587261
AD1362,1.0064601
AD1363,1.5610062
AD1364,1.860879
AD1365,0.7557898
AD1366,1.8352156
AD1367,0.48121047
AD1368,0.8399403
AD1369,1.6962309
AD1370,0.5024625
AD1371,1.9874262
AD1372,1.9249439
AD1373,0.95175266
AD1374,1.587261
AD1375,0.95175266
AD1376,0.7557898
AD1377,0.5960018
AD1378,1.9711652
AD1379,0.8680711
AD1380,1.4099343
AD1381,1.860879
AD1382,0.4414544
AD1383,0.7837215
AD1384,0.57141906
AD1385,1.9893671
AD1386,1.0863595
AD1387,1.9920075
AD1388,1.6409705
AD1389,0.46087003
AD1390,1.0600287
AD1391,0.6472229
AD1392,0.48121047
AD1393,1.9249439
AD1394,1.9062355
AD1395,1.752495
AD1396,1.7805915
AD1397,0.7837215
AD1398,1.0064601
AD1399,1.9920075
AD1400,1.9711652
AD1401,1.860879
AD1402,1.9848781
AD1403,1.4099343
AD1404,1.3610202
AD1405,1.6684244
AD1406,1.2878084
AD1407,1.1381336
AD1408,1.587261
AD1409,0.48121047
AD1410,1.9848781
AD1411,1.3854386
AD1412,1.1123908
AD1413,0.72808814
AD1414,1.9533806
AD1415,1.9406443
AD1416,1.6684244
AD1417,1.2632838
AD1418,1.0600287
AD1419,0.92403316
AD1420,1.3854386
AD1421,1.4593346
AD1422,1.0064601
AD1423,1.1888276
AD1424,0.7557898
AD1425,1.587261
AD1426,0.8680711
AD1427,1.9874262
AD1428,0.8961221
AD1429,1.4345516
AD1430,1.2138276
AD1431,0.6472229
AD1432,1.9533806
AD1433,1.9874262
AD1434,0.6472229
AD1435,1.9848781
AD1436,0.57141906
AD1437,1.7243028
AD1438,1.990856
AD1439,1.6684244
AD1440,0.81179863
AD1441,1.3854386
AD1442,1.0600287
AD1443,1.0064601
AD1444,1.5095767
AD1445,0.6212922
AD1446,1.1636051
AD1447,1.5095767
AD1448,1.0064601
AD1449,1.1636051
AD1450,1.2632838
AD1451,0.7837215
AD1452,1.9533806
AD1453,0.81179863
AD1454,1.4843283
AD1455,1.587261
AD1456,1.1381336
AD1457,1.2386354
AD1458,1.3366368
AD1459,1.9634199
AD1460,0.8961221
AD1461,0.5246039
AD1462,1.3854386
AD1463,1.1888276
AD1464,0.57141906
AD1465,1.9815137
AD1466,1.9249439
AD1467,1.990856
AD1468,1.4593346
AD1469,1.2138276
AD1470,1.752495
AD1471,1.3366368
AD1472,1.9815137
AD1473,0.6737197
AD1474,1.7805915
AD1475,1.587261
AD1476,1.8082938
AD1477,0.72808814
AD1478,1.0863595
AD1479,1.1888276
AD1480,0.6737197
AD1481,1.6684244
AD1482,0.81179863
AD1483,1.860879
AD1484,0.95175266
AD1485,1.9920075
AD1486,1.0600287
AD1487,1.3610202
AD1488,1.5351228
AD1489,1.9711652
AD1490,1.9920075
AD1491,1.9815137
AD1492,1.2632838
AD1493,0.48121047
AD1494,1.6409705
AD1495,1.5095767
AD1496,0.97923887
AD1497,1.4593346
AD1498,1.6962309
AD1499,1.8082938
AD1500,1.6684244
AD1501,0.6472229
AD1502,1.8352156
AD1503,1.0064601
AD1504,1.2632838
AD1505,1.2632838
AD1506,1.2138276
AD1507,1.0863595
AD1508,1.1123908
AD1509,0.7837215
AD1510,1.9770589
AD1511,1.5351228
AD1512,1.3610202
AD1513,0.6472229
AD1514,1.9770589
AD1515,1.6139122
AD1516,0.97923887
AD1517,0.4414544
AD1518,1.9893671
AD1519,1.1123908
AD1520,0.5024625
AD1521,0.6737197
AD1522,1.9770589
AD1523,1.9874262
AD1524,0.81179863
AD1525,1.9062355
AD1526,1.9920075
AD1527,1.9815137
AD1528,1.9920075
AD1529,1.4099343
AD1530,0.5246039
AD1531,1.587261
AD1532,0.95175266
AD1533,0.5246039
AD1534,1.2138276
AD1535,1.9893671
AD1536,0.5476029
AD1537,1.7243028
AD1538,1.0064601
AD1539,1.8082938
AD1540,1.6139122
AD1541,0.46087003
AD1542,1.2138276
AD1543,1.9533806
AD1544,1.9874262
AD1545,1.6139122
AD1546,0.5024625
AD1547,0.7007028
AD1548,0.8680711
AD1549,1.9920075
AD1550,0.46087003
AD1551,0.48121047
AD1552,1.752495
AD1553,0.97923887
AD1554,1.9893671
AD1555,0.7007028
AD1556,1.3366368
AD1557,0.6472229
AD1558,1.860879
AD1559,0.48121047
AD1560,1.3122463
AD1561,1.990856
AD1562,1.3854386
AD1563,0.5476029
AD1564,1.2386354
AD1565,1.7805915
AD1566,0.5476029
AD1567,0.5246039
AD1568,1.6409705
AD1569,0.95175266
AD1570,0.4414544
AD1571,0.5246039
AD1572,0.4414544
AD1573,0.6212922
AD1574,0.8680711
AD1575,0.81179863
AD1576,1.1381336
AD1577,1.8847351
AD1578,0.6737197
AD1579,0.95175266
AD1580,1.0600287
AD1581,1.6139122
AD1582,1.3610202
AD1583,1.2386354
AD1584,1.0863595
AD1585,0.95175266
AD1586,0.8399403
AD1587,1.9634199
AD1588,1.6139122
AD1589,1.0064601
AD1590,1.5351228
AD1591,1.5095767
AD1592,1.9634199
AD1593,0.5024625
AD1594,1.9893671
AD1595,1.6684244
AD1596,0.81179863
AD1597,0.97923887
AD1598,1.0333943
AD1599,1.8082938
AD1600,1.0333943
AD1601,0.92403316
AD1602,1.5351228
AD1603,1.8847351
AD1604,0.72808814
AD1605,1.6139122
AD1606,1.2632838
AD1607,1.9770589
AD1608,1.9920075
AD1609,1.6962309
AD1610,1.4843283
AD1611,1.6409705
AD1612,0.57141906
AD1613,1.7805915
AD1614,0.8680711
AD1615,1.96342
AD1616,1.2386354
AD1617,0.8961221
AD1618,0.7837215
AD1619,0.6472229
AD1620,1.0863595
AD1621,1.587261
AD1622,1.4843283
AD1623,1.4099343
AD1624,0.6212922
AD1625,0.8680711
AD1626,1.7805915
AD1627,0.5960018
AD1628,1.5095767
AD1629,1.9770589
AD1630,1.9893671
AD1631,1.9062355
AD1632,1.9406443
AD1633,0.92403316
AD1634,0.97923887
AD1635,0.8680711
AD1636,0.57141906
AD1637,0.48121047
AD1638,1.5610062
AD1639,1.9062355
AD1640,0.4414544
AD1641,1.9711652
AD1642,1.2878084
AD1643,1.9770589
AD1644,1.9406443
AD1645,0.7837215
AD1646,1.8847351
AD1647,0.7837215
AD1648,1.9770589
AD1649,1.3122463
AD1650,1.9770589
AD1651,1.1636051
AD1652,0.97923887
AD1653,0.4414544
AD1654,1.990856
AD1655,1.1636051
AD1656,1.9711652
AD1657,0.57141906
AD1658,1.2138276
AD1659,0.5476029
AD1660,1.0863595
AD1661,0.81179863
AD1662,1.6139122
AD1663,1.4843283
AD1664,0.8680711
AD1665,0.7837215
AD1666,0.48121047
AD1667,1.0064601
AD1668,0.7837215
AD1669,1.7243028
AD1670,1.1381336
AD1671,0.5476029
AD1672,0.8961221
AD1673,1.3610202
AD1674,0.8399403
AD1675,1.4345516
AD1676,0.5246039
AD1677,1.9634199
AD1678,0.97923887
AD1679,0.5960018
AD1680,0.5246039
AD1681,0.6737197
AD1682,0.8961221
AD1683,1.9062355
AD1684,0.8399403
AD1685,0.6212922
AD1686,1.1636051
AD1687,0.8961221
AD1688,0.7557898
AD1689,0.7007028
AD1690,1.2138276
AD1691,1.2386354
AD1692,1.4593346
AD1693,0.8680711
AD1694,1.6409705
AD1695,1.1381336
AD1696,1.6409705
AD1697,1.9062355
AD1698,0.5476029
AD1699,0.5024625
AD1700,0.6472229
AD1701,1.6409705
AD1702,0.6472229
AD1703,1.0064601
AD1704,0.5024625
AD1705,0.6737197
AD1706,1.0064601
AD1707,0.5960018
AD1708,0.95175266
AD1709,1.3122463
AD1710,0.52460384
AD1711,1.9815137
AD1712,1.9848781
AD1713,1.3122463
AD1714,1.3854386
AD1715,0.8961221
AD1716,1.5610062
AD1717,1.860879
AD1718,0.6472229
AD1719,1.9711652
AD1720,0.95175266
AD1721,1.0333943
AD1722,1.9874262
AD1723,0.92403316
AD1724,1.7243028
AD1725,1.3122463
AD1726,1.9406443
AD1727,1.2386354
AD1728,0.5476029
AD1729,1.6409705
AD1730,0.6472229
AD1731,1.0064601
AD1732,1.9634199
AD1733,1.2386354
AD1734,0.4414544
AD1735,0.8680711
AD1736,1.4843283
AD1737,1.3122463
AD1738,1.587261
AD1739,0.8961221
AD1740,1.9770589
AD1741,1.8847351
AD1742,0.6472229
AD1743,1.4593346
AD1744,0.95175266
AD1745,1.2138276
AD1746,1.3610202
AD1747,1.8352156
AD1748,1.4099343
AD1749,1.5610062
AD1750,0.81179863
AD1751,1.0863595
AD1752,0.46087003
AD1753,0.8399403
AD1754,1.7243028
AD1755,0.5024625
AD1756,1.9533806
AD1757,1.9920075
AD1758,1.6139122
AD1759,0.92403316
AD1760,1.0333943
AD1761,1.4099343
AD1762,0.8399403
AD1763,1.4099343
AD1764,1.1123908
AD1765,0.8399403
AD1766,1.1123908
AD1767,1.5095767
AD1768,0.72808814
AD1769,1.7243028
AD1770,0.48121047
AD1771,1.3610202
AD1772,0.57141906
AD1773,1.2386354
AD1774,1.1636051
AD1775,1.0600287
AD1776,1.1123908
AD1777,1.6684244
AD1778,1.5610062
AD1779,0.7007028
AD1780,1.9770589
AD1781,1.9893671
AD1782,0.7837215
AD1783,1.3854386
AD1784,0.97923887
AD1785,0.72808814
AD1786,1.9848781
AD1787,1.1888276
AD1788,1.6139122
AD1789,1.2138276
AD1790,1.587261
AD1791,1.0064601
AD1792,1.7805915
AD1793,1.4345516
AD1794,1.0333943
AD1795,1.4345516
AD1796,1.6409705
AD1797,0.6212922
AD1798,1.8082938
AD1799,1.0863595
AD1800,0.8399403
AD1801,1.7805915
AD1802,1.7243028
AD1803,1.9249439
AD1804,0.7557898
AD1805,0.81179863
AD1806,1.2386354
AD1807,1.9062355
AD1808,1.1888276
AD1809,1.2632838
AD1810,1.1636051
AD1811,1.0863595
AD1812,0.8399403
AD1813,1.0064601
AD1814,0.95175266
AD1815,1.8082938
AD1816,1.0863595
AD1817,1.2138276
AD1818,1.0863595
AD1819,0.5246039
AD1820,1.1123908
AD1821,0.81179863
AD1822,1.752495
AD1823,1.9711652
AD1824,1.9711652
AD1825,1.0863595
AD1826,0.8961221
AD1827,1.8352156
AD1828,1.5610062
AD1829,0.6737197
AD1830,0.7007028
AD1831,1.6139122
AD1832,1.9249439
AD1833,1.1123908
AD1834,1.0333943
AD1835,0.48121047
AD1836,1.9893671
AD1837,0.5960018
AD1838,0.46087003
AD1839,1.5351228
AD1840,1.3854386
AD1841,1.0600287
AD1842,1.3610202
AD1843,1.4099343
AD1844,1.9711652
AD1845,1.587261
AD1846,1.1123908
AD1847,1.9848781
AD1848,1.6962309
AD1849,0.5960018
AD1850,0.81179863
AD1851,1.990856
AD1852,1.587261
AD1853,1.752495
AD1854,1.7805915
AD1855,1.1381336
AD1856,1.1381336
AD1857,1.6962309
AD1858,1.3610202
AD1859,1.5610062
AD1860,1.9533806
AD1861,1.990856
AD1862,0.81179863
AD1863,0.6212922
AD1864,1.9533806
AD1865,0.8961221
AD1866,0.57141906
AD1867,1.990856
AD1868,1.0600287
AD1869,1.587261
AD1870,1.6962309
AD1871,0.5024625
AD1872,1.0333943
AD1873,1.2632838
AD1874,0.5476029
AD1875,1.9770589
AD1876,1.3122463
AD1877,1.1123908
AD1878,1.3610202
AD1879,1.9815137
AD1880,1.8352156
AD1881,1.0600287
AD1882,0.8399403
AD1883,0.72808814
AD1884,1.4593346
AD1885,0.97923887
AD1886,0.57141906
AD1887,1.2386354
AD1888,1.752495
AD1889,1.9062355
AD1890,0.5024625
AD1891,1.9711652
AD1892,1.1636051
AD1893,1.3610202
AD1894,1.9893671
AD1895,1.8352156
AD1896,0.8680711
AD1897,1.5351228
AD1898,0.5246039
AD1899,1.1636051
AD1900,1.3854386
AD1901,1.0863595
AD1902,0.48121047
AD1903,0.81179863
AD1904,1.8352156
AD1905,0.5476029
AD1906,0.5024625
AD1907,1.7243028
AD1908,1.9634199
AD1909,0.48121047
AD1910,1.6962309
AD1911,1.7805915
AD1912,1.0600287
AD1913,1.752495
AD1914,1.1123908
AD1915,0.7557898
AD1916,1.1381336
AD1917,1.0333943
AD1918,1.9770589
AD1919,1.1636051
AD1920,0.7007028
AD1921,0.48121047
AD1922,0.6472229
AD1923,1.2138276
AD1924,1.0333943
AD1925,1.9893671
AD1926,0.7557898
AD1927,0.8680711
AD1928,1.4843283
AD1929,1.0333943
AD1930,1.7805915
AD1931,1.9634199
AD1932,1.4099343
AD1933,1.0863595
AD1934,1.2878084
AD1935,1.1123908
AD1936,1.4593346
AD1937,0.7837215
AD1938,0.8961221
AD1939,1.990856
AD1940,1.8847351
AD1941,0.7837215
AD1942,1.9249439
AD1943,0.92403316
AD1944,1.1888276
AD1945,1.6409705
AD1946,1.8082938
AD1947,1.5351228
AD1948,1.1636051
AD1949,1.1123908
AD1950,1.1888276
AD1951,1.6684244
AD1952,1.6139122
AD1953,0.81179863
AD1954,1.5610062
AD1955,0.46087003
AD1956,1.587261
AD1957,0.6212922
AD1958,1.752495
AD1959,1.3610202
AD1960,1.8352156
AD1961,1.587261
AD1962,1.9406443
AD1963,0.6737197
AD1964,1.587261
AD1965,1.3122463
AD1966,1.6139122
AD1967,1.1381335
AD1968,1.9406443
AD1969,0.4414544
AD1970,1.860879
AD1971,1.9711652
AD1972,1.9406443
AD1973,0.72808814
AD1974,0.6737197
AD1975,1.752495
AD1976,0.46087003
AD1977,0.81179863
AD1978,1.2386354
AD1979,0.95175266
AD1980,1.9848781
AD1981,0.57141906
AD1982,0.72808814
AD1983,1.2632838
AD1984,0.7837215
AD1985,0.6472229
AD1986,1.9893671
AD1987,0.95175266
AD1988,0.7557898
AD1989,1.7805915
AD1990,1.8847351
AD1991,0.6212922
AD1992,1.2632838
AD1993,1.1381336
AD1994,1.1888276
AD1995,1.9711652
AD1996,1.7243028
AD1997,1.0333943
AD1998,0.81179863
AD1999,1.8352154
AD2000,1.6684244
AD2001,0.5476029
AD2002,1.4843283
AD2003,0.97923887
AD2004,0.8399403
AD2005,0.5960018
AD2006,1.3610202
AD2007,1.6684244
AD2008,1.7243028
AD2009,1.9920075
AD2010,1.9874262
AD2011,0.5960018
AD2012,0.8680711
AD2013,1.4099343
AD2014,0.5476029
AD2015,0.4414544
AD2016,0.4414544
AD2017,1.8352156
AD2018,1.8847351
AD2019,1.9920075
AD2020,1.3610202
AD2021,1.3366368
AD2022,1.1381336
AD2023,0.5246039
AD2024,0.7557898
AD2025,1.9848781
AD2026,1.1636051
AD2027,1.6684244
AD2028,0.7837215
AD2029,1.4843283
AD2030,1.0064601
AD2031,1.9848781
AD2032,1.3610202
AD2033,0.72808814
AD2034,0.72808814
AD2035,1.990856
AD2036,0.5246039
AD2037,0.7007028
AD2038,1.3366368
AD2039,0.8680711
AD2040,1.9711652
AD2041,0.8961221
AD2042,1.0863595
AD2043,1.9711652
AD2044,1.860879
AD2045,1.7805915
AD2046,1.860879
AD2047,1.9249439
AD2048,1.2632838
AD2049,0.8680711
AD2050,1.8847351
AD2051,1.990856
AD2052,0.48121047
AD2053,1.5095767
AD2054,1.9634199
AD2055,1.752495
AD2056,1.0064601
AD2057,0.81179863
AD2058,0.5246039
AD2059,1.6962309
AD2060,0.81179863
AD2061,1.9770589
AD2062,1.2386354
AD2063,1.9874262
AD2064,1.6139122
AD2065,1.9770589
AD2066,0.4414544
AD2067,0.5960018
AD2068,0.6737197
AD2069,0.46087003
AD2070,1.4843283
AD2071,1.6409705
AD2072,1.5351228
AD2073,1.2138276
AD2074,1.1123908
AD2075,1.9711652
AD2076,0.5476029
AD2077,1.6962309
AD2078,1.4843283
AD2079,0.8680711
AD2080,0.6212922
AD2081,1.8847351
AD2082,1.2632838
AD2083,1.9815137
AD2084,0.7557898
AD2085,1.9249439
AD2086,1.6684244
AD2087,1.4843283
AD2088,1.860879
AD2089,1.9533806
AD2090,0.8399403
AD2091,1.752495
AD2092,0.6212922
AD2093,1.9874262
AD2094,1.990856
AD2095,0.5960018
AD2096,1.3854386
AD2097,0.8399403
AD2098,1.752495
AD2099,1.7805915
AD2100,1.1636051
AD2101,0.57141906
AD2102,1.8352156
AD2103,1.5095767
AD2104,0.4414544
AD2105,0.4414544
AD2106,1.4345516
AD2107,1.0600287
AD2108,0.72808814
AD2109,1.860879
AD2110,1.9848781
AD2111,1.3366368
AD2112,0.57141906
AD2113,0.7007028
AD2114,0.8680711
AD2115,1.0064601
AD2116,0.8399403
AD2117,1.1123908
AD2118,0.5246039
AD2119,0.8399403
AD2120,0.5960018
AD2121,0.8399403
AD2122,1.0863595
AD2123,0.5960018
AD2124,1.6139122
AD2125,1.1381336
AD2126,1.2386354
AD2127,0.6737197
AD2128,0.5246039
AD2129,1.587261
AD2130,1.5095767
AD2131,1.1123908
AD2132,1.6409705
AD2133,0.7557898
AD2134,1.9770589
AD2135,1.6684244
AD2136,1.9893671
AD2137,0.7837215
AD2138,1.3610202
AD2139,1.3122463
AD2140,1.8352156
AD2141,0.4414544
AD2142,1.8352156
AD2143,0.92403316
AD2144,1.9711652
AD2145,0.5246039
AD2146,1.3854386
AD2147,1.9533806
AD2148,0.95175266
AD2149,0.6737197
AD2150,0.8680711
AD2151,1.7805915
AD2152,0.7557898
AD2153,0.7557898
AD2154,1.3366368
AD2155,1.3610202
AD2156,1.7805915
AD2157,0.7557898
AD2158,0.7837215
AD2159,1.0863595
AD2160,1.9874262
AD2161,0.72808814
AD2162,1.587261
AD2163,1.9062355
AD2164,1.1636051
AD2165,1.0333943
AD2166,1.3122463
AD2167,1.1636051
AD2168,0.4414544
AD2169,0.5960018
AD2170,1.4843283
AD2171,1.9893671
AD2172,0.48121047
AD2173,1.1636051
AD2174,0.6472229
AD2175,0.92403316
AD2176,1.990856
AD2177,1.9711652
AD2178,1.9533806
AD2179,1.0064601
AD2180,1.6684244
AD2181,1.5610062
AD2182,0.7007028
AD2183,0.48121047
AD2184,0.7837215
AD2185,1.9406443
AD2186,1.9249439
AD2187,0.7837215
AD2188,1.752495
AD2189,1.0863595
AD2190,0.95175266
AD2191,1.9874262
AD2192,0.81179863
AD2193,1.9533806
AD2194,0.5246039
AD2195,1.6139122
AD2196,1.3122463
AD2197,1.9848781
AD2198,0.7557898
AD2199,1.5610062
AD2200,0.4414544
AD2201,1.1888276
AD2202,1.4345516
AD2203,0.5024625
AD2204,1.8082938
AD2205,1.6962309
AD2206,0.5024625
AD2207,0.95175266
AD2208,1.2138276
AD2209,1.1636051
AD2210,1.0600287
AD2211,1.2878084
AD2212,1.4593346
AD2213,0.5960018
AD2214,0.8680711
AD2215,1.9533806
AD2216,1.0333943
AD2217,1.1888276
AD2218,1.9062355
AD2219,1.9406443
AD2220,1.4593346
AD2221,1.0333943
AD2222,1.2632838
AD2223,0.48121047
AD2224,1.2138276
AD2225,1.7243028
AD2226,1.8847351
AD2227,1.7243028
AD2228,1.7243028
AD2229,0.92403316
AD2230,1.4345516
AD2231,1.1636051
AD2232,1.1888276
AD2233,0.95175266
AD2234,1.4593346
AD2235,1.3610202
AD2236,0.8399403
AD2237,0.5960018
AD2238,0.48121047
AD2239,1.0333943
AD2240,1.6962309
AD2241,1.0863595
AD2242,0.48121047
AD2243,1.1636051
AD2244,0.6737197
AD2245,1.9815137
AD2246,1.9634199
AD2247,0.6472229
AD2248,1.9893671
AD2249,0.4414544
AD2250,1.587261
AD2251,1.1123908
AD2252,1.0333943
AD2253,1.7805915
AD2254,0.57141906
AD2255,0.72808814
AD2256,1.9634199
AD2257,1.9893671
AD2258,1.9634199
AD2259,0.72808814
AD2260,1.4843283
AD2261,1.9770589
AD2262,1.9815137
AD2263,0.95175266
AD2264,1.6684244
AD2265,1.9920075
AD2266,1.587261
AD2267,1.0863595
AD2268,0.5024625
AD2269,0.97923887
AD2270,1.5095767
AD2271,0.8961221
AD2272,1.0064601
AD2273,1.2386354
AD2274,1.9634199
AD2275,1.9848781
AD2276,1.860879
AD2277,1.990856
AD2278,1.3122463
AD2279,1.6139122
AD2280,0.7007028
AD2281,1.4345516
AD2282,1.0600287
AD2283,1.2386354
AD2284,1.9920075
AD2285,0.5960018
AD2286,1.2138276
AD2287,0.6212922
AD2288,1.5610062
AD2289,1.9848781
AD2290,1.0863595
AD2291,1.9249439
AD2292,1.0064601
AD2293,1.9406443
AD2294,0.72808814
AD2295,1.5610062
AD2296,1.6962309
AD2297,0.6212922
AD2298,0.57141906
AD2299,1.5351228
AD2300,0.7837215
AD2301,1.5351228
AD2302,1.2878084
AD2303,0.6212922
AD2304,1.5610062
AD2305,1.8847351
AD2306,1.0333943
AD2307,1.6962309
AD2308,0.97923887
AD2309,0.6212922
AD2310,1.4345516
AD2311,0.6212922
AD2312,0.92403316
AD2313,0.5960018
AD2314,1.8847351
AD2315,1.4593346
AD2316,0.4414544
AD2317,0.5246039
AD2318,1.0333943
AD2319,1.9249439
AD2320,1.0333943
AD2321,1.0064601
AD2322,0.4414544
AD2323,0.92403316
AD2324,1.1636051
AD2325,1.9249439
AD2326,1.4843283
AD2327,0.6737197
AD2328,0.8680711
AD2329,1.9770589
AD2330,1.6409705
AD2331,1.6409705
AD2332,1.8082938
AD2333,0.8399403
AD2334,1.9406443
AD2335,1.860879
AD2336,1.3854386
AD2337,1.9920075
AD2338,0.57141906
AD2339,1.587261
AD2340,1.6962309
AD2341,1.8352156
AD2342,1.4345516
AD2343,1.1381336
AD2344,1.0064601
AD2345,1.9249439
AD2346,1.8847351
AD2347,1.6962309
AD2348,0.97923887
AD2349,1.4593346
AD2350,1.96342
AD2351,0.44145435
AD2352,1.3122463
AD2353,1.9874262
AD2354,0.4414544
AD2355,0.8680711
AD2356,0.5476029
AD2357,0.46087003
AD2358,1.6684244
AD2359,1.9711652
AD2360,1.3366368
AD2361,1.9893671
AD2362,1.8082938
AD2363,0.7007028
AD2364,0.95175266
AD2365,1.0064601
AD2366,0.4414544
AD2367,1.5610062
AD2368,1.3854386
AD2369,0.81179863
AD2370,0.48121047
AD2371,1.6409705
AD2372,1.1888276
AD2373,1.9770589
AD2374,1.4099343
AD2375,1.3610202
AD2376,1.1123908
AD2377,1.9920075
AD2378,1.4345516
AD2379,1.6684244
AD2380,1.6684244
AD2381,1.3854386
AD2382,0.6472229
AD2383,1.3366368
AD2384,1.9406443
AD2385,1.6409705
AD2386,1.6684244
AD2387,1.9406443
AD2388,1.1381336
AD2389,1.9874262
AD2390,1.9848781
AD2391,1.2632838
AD2392,1.0600287
AD2393,1.0333943
AD2394,0.72808814
AD2395,1.3366368
AD2396,1.5351228
AD2397,1.1888276
AD2398,1.0600287
AD2399,1.990856
AD2400,1.9893671
AD2401,0.97923887
AD2402,0.8680711
AD2403,1.0333943
AD2404,1.7243028
AD2405,1.0064601
AD2406,0.48121047
AD2407,1.9848781
AD2408,0.7837215
AD2409,1.8082938
AD2410,1.2632838
AD2411,0.5960018
AD2412,0.6737197
AD2413,1.1636051
AD2414,1.7805915
AD2415,1.5610062
AD2416,1.0333943
AD2417,1.5095767
AD2418,1.6139122
AD2419,1.5610062
AD2420,1.1636051
AD2421,0.57141906
AD2422,1.3122463
AD2423,0.92403316
AD2424,0.5476029
AD2425,0.7837215
AD2426,1.4593346
AD2427,1.0863595
AD2428,1.9815137
AD2429,1.9815137
AD2430,0.7837215
AD2431,1.0333943
AD2432,0.57141906
AD2433,0.6737197
AD2434,1.752495
AD2435,0.81179863
AD2436,1.9533806
AD2437,1.2386354
AD2438,1.2138276
AD2439,1.5351228
AD2440,1.9533806
AD2441,0.46087003
AD2442,1.7243028
AD2443,1.9533806
AD2444,1.9711652
AD2445,1.9711652
AD2446,0.5476029
AD2447,1.3854384
AD2448,0.57141906
AD2449,1.4843283
AD2450,1.3122463
AD2451,0.95175266
AD2452,1.3122463
AD2453,1.5351228
AD2454,1.0600287
AD2455,1.8082938
AD2456,1.0333943
AD2457,1.1123908
AD2458,0.92403316
AD2459,1.9848781
AD2460,0.7007028
AD2461,1.1381336
AD2462,1.7805915
AD2463,1.9848781
AD2464,1.1636051
AD2465,1.9874262
AD2466,0.8961221
AD2467,0.8680711
AD2468,1.9634199
AD2469,0.57141906
AD2470,0.7557898
AD2471,0.8399403
AD2472,0.48121047
AD2473,1.9711652
AD2474,1.2386354
AD2475,1.3366368
AD2476,0.95175266
AD2477,1.0064601
AD2478,1.2386354
AD2479,1.9533806
AD2480,1.2138276
AD2481,1.6684244
AD2482,1.860879
AD2483,1.8082938
AD2484,0.7007028
AD2485,1.2878084
AD2486,0.95175266
AD2487,0.5024625
AD2488,1.2386354
AD2489,0.6212922
AD2490,1.752495
AD2491,0.72808814
AD2492,0.6212922
AD2493,1.860879
AD2494,1.2632838
AD2495,1.5351228
AD2496,1.2386354
AD2497,1.7805915
AD2498,1.7243028
AD2499,1.8082938
AD2500,0.72808814
AD2501,1.9249439
AD2502,1.2138276
AD2503,1.990856
AD2504,1.587261
AD2505,0.48121047
AD2506,0.5476029
AD2507,1.5610062
AD2508,1.2878084
AD2509,1.5095767
AD2510,0.5476029
AD2511,1.8847351
AD2512,1.4099343
AD2513,1.3122463
AD2514,1.9711652
AD2515,1.6684244
AD2516,1.9874262
AD2517,1.9920075
AD2518,0.81179863
AD2519,1.1381336
AD2520,1.6684244
AD2521,0.95175266
AD2522,1.3366368
AD2523,1.5095767
AD2524,1.2632838
AD2525,1.3122463
AD2526,1.0064601
AD2527,1.4345516
AD2528,0.46087003
AD2529,1.2632838
AD2530,1.3854386
AD2531,1.860879
AD2532,1.8847351
AD2533,1.5610062
AD2534,1.8847351
AD2535,1.990856
AD2536,1.860879
AD2537,1.0333943
AD2538,1.1636051
AD2539,1.3610202
AD2540,1.9770589
AD2541,0.57141906
AD2542,1.6962309
AD2543,1.0600287
AD2544,1.5095767
AD2545,0.4414544
AD2546,0.8399403
AD2547,0.5476029
AD2548,1.990856
AD2549,0.6212922
AD2550,1.4593346
AD2551,0.7557898
AD2552,0.92403316
AD2553,1.2878084
AD2554,1.4345516
AD2555,1.2878084
AD2556,1.752495
AD2557,1.9406443
AD2558,1.9893671
AD2559,1.2138276
AD2560,1.4843283
AD2561,0.5246039
AD2562,0.46087003
AD2563,1.4593346
AD2564,1.4593346
AD2565,1.9062355
AD2566,1.5610062
AD2567,0.5246039
AD2568,1.8352156
AD2569,1.5610062
AD2570,0.8961221
AD2571,0.5476029
AD2572,0.48121047
AD2573,0.7837215
AD2574,1.8082938
AD2575,1.5095767
AD2576,0.5024625
AD2577,0.46087003
AD2578,1.9874262
AD2579,0.97923887
AD2580,1.8847351
AD2581,1.9634199
AD2582,0.4414544
AD2583,1.0064601
AD2584,1.6962309
AD2585,1.0600287
AD2586,1.5610062
AD2587,1.0064601
AD2588,0.92403316
AD2589,1.9848781
AD2590,1.8847351
AD2591,1.0600287
AD2592,1.990856
AD2593,1.0064601
AD2594,0.5476029
AD2595,1.4843283
AD2596,0.5024625
AD2597,0.97923887
AD2598,0.48121047
AD2599,1.2632838
AD2600,1.587261
AD2601,1.2138276
AD2602,0.5960018
AD2603,0.57141906
AD2604,1.1123908
AD2605,1.2386354
AD2606,0.7557898
AD2607,0.5024625
AD2608,0.7557898
AD2609,1.3610202
AD2610,1.9848781
AD2611,1.1636051
AD2612,1.6409705
AD2613,1.3610202
AD2614,1.5610062
AD2615,1.9634199
AD2616,1.9634199
AD2617,0.97923887
AD2618,1.1888276
AD2619,1.9893671
AD2620,1.9848781
AD2621,1.9920075
AD2622,0.8399403
AD2623,0.81179863
AD2624,1.0064601
AD2625,0.92403316
AD2626,1.9711652
AD2627,1.3610202
AD2628,0.81179863
AD2629,0.8680711
AD2630,1.9634199
AD2631,1.9634199
AD2632,0.6472229
AD2633,1.6684244
AD2634,1.8082938
AD2635,1.1381336
AD2636,1.9893671
AD2637,0.5246039
AD2638,1.9406443
AD2639,0.7837215
AD2640,0.8399403
AD2641,1.4843283
AD2642,1.2878084
AD2643,1.7243028
AD2644,1.8352156
AD2645,1.9815137
AD2646,1.7243028
AD2647,0.7837215
AD2648,0.97923887
AD2649,1.0863595
AD2650,1.6139122
AD2651,1.6409705
AD2652,1.1381336
AD2653,1.6139122
AD2654,1.587261
AD2655,0.8961221
AD2656,1.0064601
AD2657,0.57141906
AD2658,0.4414544
AD2659,1.5351228
AD2660,0.5024625
AD2661,1.587261
AD2662,1.9815137
AD2663,1.9711652
AD2664,1.9874262
AD2665,1.0064601
AD2666,0.57141906
AD2667,0.81179863
AD2668,0.8399403
AD2669,0.8961221
AD2670,1.6139122
AD2671,0.92403316
AD2672,1.1123908
AD2673,1.9533806
AD2674,1.7243028
AD2675,1.9920075
AD2676,1.0333943
AD2677,1.990856
AD2678,0.95175266
AD2679,1.1123908
AD2680,0.48121047
AD2681,0.97923887
AD2682,1.9406443
AD2683,1.6684244
AD2684,1.990856
AD2685,1.7805915
AD2686,0.81179863
AD2687,0.7007028
AD2688,0.7837215
AD2689,0.8399403
AD2690,1.9893671
AD2691,1.8352156
AD2692,1.5351228
AD2693,1.3610202
AD2694,1.4345516
AD2695,1.3366368
AD2696,0.5960018
AD2697,1.6409705
AD2698,1.4593346
AD2699,0.6212922
AD2700,1.4345516
AD2701,0.7837215
AD2702,0.8680711
AD2703,1.9062355
AD2704,1.5095767
AD2705,0.72808814
AD2706,0.6212922
AD2707,1.9062355
AD2708,1.3610202
AD2709,1.0333943
AD2710,1.3122463
AD2711,1.6139122
AD2712,1.5351228
AD2713,1.0333943
AD2714,0.72808814
AD2715,1.3122463
AD2716,0.72808814
AD2717,0.8399403
AD2718,0.7837215
AD2719,1.8847351
AD2720,1.1381336
AD2721,0.5476029
AD2722,1.5351228
AD2723,1.9406443
AD2724,0.5024625
AD2725,1.9062355
AD2726,1.9893671
AD2727,1.4345516
AD2728,1.9815137
AD2729,1.1123908
AD2730,0.4414544
AD2731,0.81179863
AD2732,1.4345516
AD2733,1.4843283
AD2734,1.1123908
AD2735,0.52460384
AD2736,0.5960018
AD2737,0.92403316
AD2738,0.7837215
