Stock Index,Stock Price
AC3235,778.3367
AC3236,249.12112
AC3237,1532.2524
AC3238,821.5047
AC3239,280.09515
AC3240,372.76883
AC3241,704.7483
AC3242,909.6457
AC3243,896.136
AC3244,1364.415
AC3245,297.84595
AC3246,403.83344
AC3247,768.9175
AC3248,198.37833
AC3249,159.19327
AC3250,245.43741
AC3251,1763.9204
AC3252,141.22635
AC3253,277.82825
AC3254,180.39296
AC3255,1019.7726
AC3256,852.5652
AC3257,1513.5046
AC3258,483.46924
AC3259,266.50226
AC3260,287.17258
AC3261,111.97336
AC3262,235.2229
AC3263,372.7994
AC3264,107.84836
AC3265,1064.9315
AC3266,879.29926
AC3267,564.48395
AC3268,743.1592
AC3269,382.11337
AC3270,820.44543
AC3271,105.22746
AC3272,382.54977
AC3273,873.3803
AC3274,646.0156
AC3275,474.0066
AC3276,692.9119
AC3277,969.46484
AC3278,945.99866
AC3279,202.09
AC3280,419.14777
AC3281,872.75244
AC3282,127.5996
AC3283,781.38
AC3284,613.07947
AC3285,104.65872
AC3286,858.9828
AC3287,194.23993
AC3288,207.2052
AC3289,148.1277
AC3290,194.80627
AC3291,181.3387
AC3292,87.367874
AC3293,474.56793
AC3294,190.84149
AC3295,579.08307
AC3296,103.92557
AC3297,582.72546
AC3298,785.9188
AC3299,96.05824
AC3300,103.77132
AC3301,808.504
AC3302,128.92508
AC3303,1235.2854
AC3304,54.40594
AC3305,272.8475
AC3306,158.68602
AC3307,45.729553
AC3308,152.63617
AC3309,281.4295
AC3310,806.58606
AC3311,1090.0793
AC3312,891.303
AC3313,45.453182
AC3314,82.51175
AC3315,115.489105
AC3316,403.80298
AC3317,981.4348
AC3318,548.03625
AC3319,1170.1283
AC3320,41.303543
AC3321,114.26994
AC3322,86.115166
AC3323,853.7164
AC3324,96.5601
AC3325,269.43192
AC3326,398.46646
AC3327,87.803375
AC3328,110.16048
AC3329,713.2054
AC3330,914.11597
AC3331,271.124
AC3332,774.5806
AC3333,1444.8291
AC3334,315.56488
AC3335,623.9606
AC3336,140.91406
AC3337,602.7312
AC3338,1726.5305
AC3339,828.1772
AC3340,100.491684
AC3341,1225.3538
AC3342,1203.3826
AC3343,280.92554
AC3344,94.855225
AC3345,232.62901
AC3346,96.735504
AC3347,282.02057
AC3348,646.79785
AC3349,491.62238
AC3350,134.02835
AC3351,802.6119
AC3352,67.94903
AC3353,351.28464
AC3354,263.74234
AC3355,641.91754
AC3356,229.35959
AC3357,672.84766
AC3358,1589.0039
AC3359,1328.0212
AC3360,1143.2528
AC3361,258.79926
AC3362,360.93826
AC3363,506.03714
AC3364,370.26324
AC3365,116.78152
AC3366,324.80298
AC3367,239.93976
AC3368,796.7393
AC3369,305.18365
AC3370,586.80115
AC3371,391.19888
AC3372,473.22507
AC3373,242.19669
AC3374,332.4455
AC3375,1034.5009
AC3376,442.13943
AC3377,187.00623
AC3378,369.80896
AC3379,616.2307
AC3380,132.0956
AC3381,410.99847
AC3382,588.752
AC3383,132.61137
AC3384,220.41812
AC3385,228.98471
AC3386,107.63046
AC3387,272.57974
AC3388,1618.24
AC3389,268.0136
AC3390,236.4074
AC3391,830.1607
AC3392,581.0264
AC3393,450.6208
AC3394,468.08826
AC3395,1451.119
AC3396,66.03322
AC3397,645.37006
AC3398,436.11078
AC3399,87.29732
AC3400,179.31186
AC3401,127.97749
AC3402,463.2512
AC3403,293.48068
AC3404,84.374855
AC3405,101.752975
AC3406,292.1619
AC3407,161.80482
AC3408,674.1495
AC3409,1208.845
AC3410,909.0127
AC3411,950.81067
AC3412,1525.9668
AC3413,201.27444
AC3414,290.70746
AC3415,207.40846
AC3416,558.9957
AC3417,848.81323
AC3418,144.69418
AC3419,1329.7518
AC3420,188.9912
AC3421,209.3009
AC3422,862.25854
AC3423,111.2626
AC3424,1123.7986
AC3425,221.98828
AC3426,112.21881
AC3427,361.8233
AC3428,773.4216
AC3429,776.2843
AC3430,329.445
AC3431,479.01712
AC3432,516.73303
AC3433,194.61815
AC3434,833.55804
AC3435,1077.1995
AC3436,437.16782
AC3437,170.87164
AC3438,1500.23
AC3439,154.78273
AC3440,1225.3308
AC3441,422.19452
AC3442,48.03612
AC3443,631.11536
AC3444,152.86331
AC3445,116.72755
AC3446,769.4071
AC3447,932.2201
AC3448,165.7459
AC3449,1058.3887
AC3450,203.13618
AC3451,1085.9565
AC3452,672.84796
AC3453,640.6824
AC3454,95.06421
AC3455,778.5769
AC3456,155.01472
AC3457,625.8989
AC3458,710.8553
AC3459,1774.8732
AC3460,494.36755
AC3461,587.4499
AC3462,465.74823
AC3463,1258.3317
AC3464,271.7437
AC3465,616.59796
AC3466,155.82622
AC3467,145.18883
AC3468,1382.7925
AC3469,272.46457
AC3470,347.86945
AC3471,648.3829
AC3472,218.093
AC3473,419.88083
AC3474,442.38165
AC3475,99.92596
AC3476,556.3241
AC3477,833.96716
AC3478,144.35645
AC3479,231.03377
AC3480,155.4241
AC3481,1133.2511
AC3482,390.44296
AC3483,1033.7302
AC3484,907.4685
AC3485,789.4431
AC3486,120.6576
AC3487,221.82584
AC3488,1694.0122
AC3489,786.2638
AC3490,1553.7347
AC3491,270.49686
AC3492,962.72284
AC3493,87.16734
AC3494,1007.1886
AC3495,138.5286
AC3496,1304.3281
AC3497,416.8064
AC3498,64.008224
AC3499,341.26837
AC3500,117.97921
AC3501,253.15323
AC3502,248.09332
AC3503,287.3629
AC3504,1115.0836
AC3505,1091.4841
AC3506,446.44846
AC3507,844.0939
AC3508,900.7152
AC3509,393.69324
AC3510,1207.2769
AC3511,978.9568
AC3512,1000.39215
AC3513,511.79935
AC3514,165.10632
AC3515,925.8107
AC3516,576.6753
AC3517,490.9301
AC3518,609.4524
AC3519,966.4558
AC3520,1768.1864
AC3521,745.83307
AC3522,1235.2744
AC3523,1020.7844
AC3524,1096.985
AC3525,793.9126
AC3526,458.5786
AC3527,108.23098
AC3528,95.723526
AC3529,984.9795
AC3530,555.2657
AC3531,608.37134
AC3532,808.1538
AC3533,546.0747
AC3534,805.086
AC3535,907.96094
AC3536,247.36943
AC3537,154.27625
AC3538,788.53674
AC3539,1217.666
AC3540,367.41446
AC3541,501.71014
AC3542,312.4193
AC3543,1053.6472
AC3544,437.29462
AC3545,556.6942
AC3546,587.8368
AC3547,592.0918
AC3548,87.46399
AC3549,1649.9448
AC3550,808.2719
AC3551,683.23486
AC3552,340.66797
AC3553,839.9652
AC3554,288.5742
AC3555,214.7847
AC3556,1003.9571
AC3557,643.4585
AC3558,1278.5693
AC3559,536.3556
AC3560,164.7554
AC3561,167.6907
AC3562,774.1869
AC3563,1040.4912
AC3564,1446.446
AC3565,696.8703
AC3566,302.23474
AC3567,211.77463
AC3568,144.74252
AC3569,333.6646
AC3570,737.3423
AC3571,594.3747
AC3572,492.3684
AC3573,1285.5187
AC3574,690.65845
AC3575,167.38654
AC3576,554.90027
AC3577,1674.2045
AC3578,95.971924
AC3579,1449.9414
AC3580,106.03563
AC3581,118.28673
AC3582,241.5222
AC3583,677.12463
AC3584,213.37946
AC3585,122.90068
AC3586,407.92184
AC3587,41.553776
AC3588,236.14796
AC3589,149.96182
AC3590,287.27344
AC3591,347.52972
AC3592,278.46454
AC3593,68.187965
AC3594,130.29607
AC3595,387.75568
AC3596,808.5167
AC3597,91.468864
AC3598,221.72018
AC3599,1176.839
AC3600,1255.4814
AC3601,953.67957
AC3602,789.8843
AC3603,1652.94
AC3604,281.1563
AC3605,765.70416
AC3606,1191.0585
AC3607,42.253906
AC3608,1008.2138
AC3609,504.29736
AC3610,190.57974
AC3611,766.4444
AC3612,98.59401
AC3613,1212.829
AC3614,467.71338
AC3615,432.0653
AC3616,291.53644
AC3617,1244.4375
AC3618,107.11312
AC3619,276.82065
AC3620,234.29193
AC3621,818.88965
AC3622,289.6463
AC3623,314.7797
AC3624,686.50134
AC3625,245.69724
AC3626,120.16005
AC3627,643.83966
AC3628,65.724686
AC3629,82.48746
AC3630,594.6018
AC3631,62.52424
AC3632,146.36708
AC3633,292.03796
AC3634,1398.3026
AC3635,326.84393
AC3636,1165.5425
AC3637,354.52246
AC3638,1010.2611
AC3639,195.28836
AC3640,902.9905
AC3641,588.2746
AC3642,127.54871
AC3643,602.48206
AC3644,733.93384
AC3645,1131.3547
AC3646,648.3241
AC3647,384.12915
AC3648,207.95866
AC3649,395.26813
AC3650,690.14294
AC3651,1340.5609
AC3652,365.27594
AC3653,571.75305
AC3654,1191.2649
AC3655,375.5786
AC3656,360.63403
AC3657,918.7446
AC3658,880.7825
AC3659,532.9639
AC3660,118.300125
AC3661,120.99089
AC3662,322.0273
AC3663,800.6725
AC3664,422.54657
AC3665,838.5148
AC3666,388.03384
AC3667,620.8231
AC3668,1305.9546
AC3669,1172.55
AC3670,449.99814
AC3671,100.85487
AC3672,339.97772
AC3673,858.26556
AC3674,908.4389
AC3675,555.48584
AC3676,1346.7578
AC3677,1046.3555
AC3678,1208.3661
AC3679,417.90573
AC3680,645.0115
AC3681,515.11566
AC3682,223.34372
AC3683,554.39075
AC3684,450.69296
AC3685,172.35327
AC3686,283.8805
AC3687,778.3706
AC3688,216.84726
AC3689,783.5814
AC3690,640.33325
AC3691,476.58984
AC3692,209.8571
AC3693,147.3143
AC3694,249.6681
AC3695,224.13849
AC3696,142.45142
AC3697,336.72034
AC3698,169.92389
AC3699,123.03407
AC3700,1114.5107
AC3701,234.41397
AC3702,435.03366
AC3703,182.02824
AC3704,257.61865
AC3705,660.4789
AC3706,662.6379
AC3707,1472.6497
AC3708,1184.095
AC3709,485.58704
AC3710,137.68576
AC3711,1072.4224
AC3712,331.43787
AC3713,910.5755
AC3714,1463.9084
AC3715,1352.2346
AC3716,204.88416
AC3717,841.63837
AC3718,1325.5155
AC3719,1026.2797
AC3720,142.54681
AC3721,339.30908
AC3722,1524.1349
AC3723,602.443
AC3724,81.15369
AC3725,899.12354
AC3726,109.00374
AC3727,615.0056
AC3728,285.12866
AC3729,358.91486
AC3730,626.834
AC3731,967.629
AC3732,561.1157
AC3733,162.87051
AC3734,479.64746
AC3735,323.16376
AC3736,704.97095
AC3737,500.2608
AC3738,354.04718
AC3739,91.2273
AC3740,364.5984
AC3741,740.5331
AC3742,735.95416
AC3743,809.70935
AC3744,66.476425
AC3745,123.09679
AC3746,334.0752
AC3747,401.92523
AC3748,140.61273
AC3749,475.3084
AC3750,1421.5732
AC3751,67.45039
AC3752,88.667725
AC3753,385.99335
AC3754,666.86694
AC3755,87.33005
AC3756,343.85455
AC3757,586.9442
AC3758,592.0774
AC3759,585.2046
AC3760,221.18732
AC3761,442.65747
AC3762,493.43823
AC3763,879.8801
AC3764,449.31836
AC3765,332.13083
AC3766,446.83862
AC3767,85.000305
AC3768,1009.6865
AC3769,1066.6683
AC3770,127.171936
AC3771,688.18146
AC3772,446.00806
AC3773,85.709236
AC3774,245.91374
AC3775,46.264954
AC3776,329.6211
AC3777,92.24525
AC3778,904.82294
AC3779,1744.3772
AC3780,97.13312
AC3781,658.47363
AC3782,115.14961
AC3783,602.18365
AC3784,296.3607
AC3785,369.9058
AC3786,412.59717
AC3787,231.22044
AC3788,731.4171
AC3789,1444.4371
AC3790,833.2764
AC3791,207.37457
AC3792,850.15076
AC3793,308.4732
AC3794,835.81995
AC3795,475.6482
AC3796,324.8583
AC3797,104.31475
AC3798,629.1986
AC3799,1061.9536
AC3800,106.60933
AC3801,110.39481
AC3802,232.34634
AC3803,100.20105
AC3804,40.920597
AC3805,44.240192
AC3806,773.85974
AC3807,162.71478
AC3808,1411.2366
AC3809,221.25046
AC3810,468.80725
AC3811,320.3379
AC3812,539.5438
AC3813,1009.7704
AC3814,762.66187
AC3815,168.48148
AC3816,804.90686
AC3817,330.5996
AC3818,1603.4424
AC3819,82.13331
AC3820,157.96774
AC3821,257.6447
AC3822,224.24571
AC3823,412.61713
AC3824,426.63666
AC3825,382.10828
AC3826,371.64743
AC3827,551.9782
AD1,147.76581
AD2,398.7226
AD3,98.25731
AD4,641.0104
AD5,115.476425
AD6,167.70041
AD7,386.61734
AD8,703.72534
AD9,592.8761
AD10,335.4098
AD11,141.6533
AD12,135.3261
AD13,766.5131
AD14,713.29803
AD15,1017.78955
AD16,657.15845
AD17,770.72675
AD18,598.932
AD19,1535.0977
AD20,234.37428
AD21,854.10876
AD22,1337.8829
AD23,1624.4341
AD24,316.70782
AD25,730.47595
AD26,535.7717
AD27,356.0307
AD28,264.3348
AD29,814.433
AD30,1137.0156
AD31,317.24942
AD32,395.72638
AD33,477.41522
AD34,207.8934
AD35,736.5834
AD36,174.04227
AD37,50.77581
AD38,1589.1631
AD39,789.96246
AD40,462.61246
AD41,51.33005
AD42,172.3265
AD43,137.22983
AD44,799.62146
AD45,1663.3998
AD46,482.99677
AD47,209.61859
AD48,175.29782
AD49,258.64072
AD50,563.4668
AD51,64.35237
AD52,73.88512
AD53,454.99023
AD54,115.58506
AD55,583.02795
AD56,1145.2251
AD57,856.792
AD58,1186.7751
AD59,636.5775
AD60,619.95306
AD61,792.20245
AD62,1640.0494
AD63,696.31396
AD64,996.4085
AD65,186.21396
AD66,389.62823
AD67,120.533905
AD68,1067.4141
AD69,227.16809
AD70,47.061897
AD71,444.69373
AD72,683.46454
AD73,364.89224
AD74,183.83537
AD75,757.86
AD76,1370.6725
AD77,267.7276
AD78,388.9127
AD79,1517.6011
AD80,745.0493
AD81,1134.9651
AD82,628.72644
AD83,109.43733
AD84,477.83316
AD85,1005.8207
AD86,497.55115
AD87,525.0883
AD88,632.2537
AD89,83.96956
AD90,799.54083
AD91,1355.3162
AD92,217.61969
AD93,561.7435
AD94,507.34418
AD95,157.9541
AD96,680.29474
AD97,358.65356
AD98,1107.1682
AD99,49.3457
AD100,838.3106
AD101,221.69917
AD102,136.12872
AD103,155.12177
AD104,263.17722
AD105,950.6986
AD106,915.5258
AD107,1233.8477
AD108,1183.5432
AD109,168.16605
AD110,639.1569
AD111,494.3428
AD112,1183.7107
AD113,363.50775
AD114,269.77887
AD115,310.35846
AD116,651.9667
AD117,823.2317
AD118,129.69334
AD119,336.77228
AD120,106.08304
AD121,104.7027
AD122,606.61554
AD123,48.312584
AD124,608.6583
AD125,549.1996
AD126,423.8465
AD127,1297.3558
AD128,417.91602
AD129,715.6046
AD130,275.56616
AD131,808.05237
AD132,487.873
AD133,718.32794
AD134,380.3419
AD135,1570.4998
AD136,783.0473
AD137,485.79407
AD138,832.9375
AD139,1491.1935
AD140,381.93723
AD141,115.955086
AD142,847.73267
AD143,129.546
AD144,150.72205
AD145,186.20563
AD146,1138.6512
AD147,912.25793
AD148,803.6648
AD149,1082.9763
AD150,735.1158
AD151,273.79852
AD152,1091.1211
AD153,430.2931
AD154,402.03815
AD155,511.76334
AD156,175.73846
AD157,1358.753
AD158,375.96466
AD159,787.2832
AD160,1179.2571
AD161,656.68274
AD162,196.56247
AD163,586.768
AD164,871.8138
AD165,554.87634
AD166,427.78534
AD167,430.8776
AD168,456.7973
AD169,813.764
AD170,91.813034
AD171,757.27716
AD172,237.15633
AD173,581.2298
AD174,654.2925
AD175,340.36496
AD176,321.32123
AD177,429.78442
AD178,1248.7615
AD179,848.24243
AD180,82.24091
AD181,1302.7996
AD182,256.71375
AD183,71.772446
AD184,1357.4154
AD185,465.8338
AD186,1249.4436
AD187,532.16797
AD188,102.893364
AD189,1067.6531
AD190,356.86133
AD191,100.35811
AD192,607.026
AD193,46.937798
AD194,319.91098
AD195,589.3989
AD196,839.6363
AD197,1171.4473
AD198,179.29744
AD199,103.73024
AD200,620.0149
AD201,1167.1323
AD202,116.025055
AD203,483.1911
AD204,1092.1603
AD205,196.77866
AD206,309.19833
AD207,824.46576
AD208,682.79266
AD209,636.0309
AD210,1868.185
AD211,379.5252
AD212,1142.197
AD213,1286.7305
AD214,381.79688
AD215,597.05896
AD216,87.99193
AD217,1496.297
AD218,844.3844
AD219,354.4676
AD220,404.7107
AD221,454.2861
AD222,1279.3933
AD223,65.92382
AD224,844.64136
AD225,498.23386
AD226,1664.0958
AD227,493.96985
AD228,286.69662
AD229,408.75665
AD230,391.72955
AD231,449.675
AD232,838.1284
AD233,555.2175
AD234,546.9131
AD235,328.11835
AD236,347.60757
AD237,410.65384
AD238,748.18787
AD239,860.8235
AD240,1548.082
AD241,642.8304
AD242,94.88902
AD243,880.6117
AD244,640.61383
AD245,308.01465
AD246,623.9785
AD247,1362.2212
AD248,690.5133
AD249,286.1904
AD250,813.20276
AD251,611.8799
AD252,1366.0898
AD253,149.01929
AD254,89.36701
AD255,671.77313
AD256,148.5839
AD257,1702.248
AD258,566.7273
AD259,209.06853
AD260,669.35596
AD261,140.16385
AD262,52.148315
AD263,684.80774
AD264,318.95367
AD265,754.44916
AD266,283.54053
AD267,168.61218
AD268,1018.55237
AD269,776.7533
AD270,1505.5244
AD271,197.09134
AD272,499.52097
AD273,105.78091
AD274,266.0963
AD275,874.7907
AD276,186.21011
AD277,64.70006
AD278,762.1183
AD279,260.932
AD280,802.6657
AD281,431.0944
AD282,1349.3516
AD283,138.35167
AD284,81.826416
AD285,228.93842
AD286,91.75426
AD287,496.76477
AD288,261.76947
AD289,95.904755
AD290,1713.1719
AD291,175.52237
AD292,783.9684
AD293,718.4066
AD294,782.80896
AD295,278.72787
AD296,547.7334
AD297,64.80787
AD298,753.61194
AD299,847.60095
AD300,288.87094
AD301,152.03128
AD302,395.0837
AD303,539.854
AD304,978.13916
AD305,607.76764
AD306,410.9555
AD307,197.23192
AD308,403.741
AD309,194.15057
AD310,580.03766
AD311,728.8365
AD312,1813.6432
AD313,1370.5111
AD314,138.68066
AD315,702.96814
AD316,515.79895
AD317,1255.2012
AD318,494.65576
AD319,336.0298
AD320,476.01825
AD321,1169.3003
AD322,351.35834
AD323,86.50194
AD324,690.78577
AD325,1225.2625
AD326,457.70428
AD327,1262.847
AD328,343.92938
AD329,1134.5994
AD330,792.94214
AD331,436.4947
AD332,478.16284
AD333,407.1778
AD334,371.5619
AD335,263.8189
AD336,91.281975
AD337,521.1181
AD338,259.49994
AD339,1158.5302
AD340,483.84668
AD341,422.99353
AD342,347.31976
AD343,88.56568
AD344,1410.3223
AD345,158.39041
AD346,509.81946
AD347,943.47375
AD348,183.80222
AD349,832.4224
AD350,682.111
AD351,607.8065
AD352,505.13956
AD353,377.67355
AD354,364.85275
AD355,1543.4032
AD356,443.98145
AD357,78.93445
AD358,500.68854
AD359,133.00609
AD360,775.35114
AD361,155.94
AD362,190.72598
AD363,887.8386
AD364,668.93
AD365,204.85934
AD366,165.6825
AD367,233.9794
AD368,152.57553
AD369,416.6957
AD370,562.95386
AD371,71.1982
AD372,1437.9263
AD373,1418.464
AD374,223.09555
AD375,782.6549
AD376,689.9665
AD377,1786.5665
AD378,263.28632
AD379,1211.3682
AD380,106.82233
AD381,250.40643
AD382,270.55127
AD383,221.57806
AD384,181.65262
AD385,187.93884
AD386,774.0961
AD387,289.59283
AD388,910.52106
AD389,747.0104
AD390,621.91846
AD391,740.1945
AD392,921.9507
AD393,1333.7909
AD394,116.45242
AD395,331.0009
AD396,162.08908
AD397,945.54333
AD398,410.37408
AD399,1276.6743
AD400,206.47801
AD401,847.06366
AD402,202.38077
AD403,742.53046
AD404,1328.5822
AD405,297.212
AD406,277.02863
AD407,484.1007
AD408,333.77615
AD409,61.6276
AD410,262.31073
AD411,996.5741
AD412,209.88287
AD413,79.48581
AD414,366.37878
AD415,634.4132
AD416,225.26128
AD417,517.12067
AD418,356.7414
AD419,481.09525
AD420,197.56264
AD421,611.7457
AD422,53.190655
AD423,860.18994
AD424,366.58948
AD425,530.5746
AD426,348.7749
AD427,318.35876
AD428,1154.8622
AD429,276.20306
AD430,304.38623
AD431,530.9243
AD432,360.66083
AD433,1387.3981
AD434,443.11246
AD435,634.30927
AD436,103.056625
AD437,245.97972
AD438,531.53296
AD439,105.02524
AD440,102.04585
AD441,441.86188
AD442,347.06183
AD443,468.84705
AD444,274.7376
AD445,979.03766
AD446,256.4453
AD447,1123.5549
AD448,163.5436
AD449,795.3329
AD450,897.39014
AD451,1103.1957
AD452,633.1183
AD453,382.87134
AD454,479.02
AD455,718.742
AD456,246.99146
AD457,202.34927
AD458,65.12114
AD459,216.1441
AD460,1571.5177
AD461,1392.198
AD462,572.86633
AD463,1539.7357
AD464,565.68134
AD465,52.258415
AD466,1333.7631
AD467,1076.5144
AD468,149.71509
AD469,343.16873
AD470,1468.2288
AD471,418.00986
AD472,554.5077
AD473,186.35532
AD474,698.51746
AD475,899.1907
AD476,1681.887
AD477,901.92883
AD478,182.2134
AD479,474.77243
AD480,199.272
AD481,531.3948
AD482,303.00232
AD483,577.2632
AD484,1315.4122
AD485,1329.6519
AD486,104.44829
AD487,359.8267
AD488,556.03595
AD489,933.80865
AD490,808.29614
AD491,121.688965
AD492,109.27347
AD493,741.3808
AD494,588.58276
AD495,483.89398
AD496,1223.201
AD497,600.7328
AD498,572.9341
AD499,566.89606
AD500,572.99646
AD501,605.7046
AD502,580.7578
AD503,569.97614
AD504,571.00806
AD505,588.40186
AD506,1164.4996
AD507,184.64159
AD508,676.7382
AD509,680.6958
AD510,112.220184
AD511,105.28761
AD512,493.95532
AD513,326.0652
AD514,92.61278
AD515,127.86937
AD516,345.53433
AD517,310.87775
AD518,856.17566
AD519,974.3539
AD520,760.2543
AD521,1831.1753
AD522,671.11
AD523,228.54889
AD524,764.3109
AD525,142.61504
AD526,309.52475
AD527,296.43707
AD528,111.83435
AD529,160.27286
AD530,1264.2227
AD531,116.58305
AD532,171.97179
AD533,802.45135
AD534,691.0613
AD535,1168.261
AD536,111.12901
AD537,141.89845
AD538,1062.0718
AD539,552.3861
AD540,123.056816
AD541,555.2371
AD542,635.02356
AD543,366.5004
AD544,175.9324
AD545,1547.1082
AD546,66.95945
AD547,383.89197
AD548,299.7854
AD549,946.6881
AD550,355.862
AD551,762.2433
AD552,350.16595
AD553,111.852165
AD554,603.5426
AD555,345.52756
AD556,343.10358
AD557,388.0182
AD558,452.23306
AD559,1216.1682
AD560,257.97406
AD561,139.88123
AD562,1299.5869
AD563,303.0828
AD564,240.34952
AD565,420.33862
AD566,646.22705
AD567,1220.9387
AD568,445.94614
AD569,222.76508
AD570,877.94336
AD571,1113.5857
AD572,776.9708
AD573,616.8921
AD574,1087.7709
AD575,825.58044
AD576,45.773468
AD577,516.8085
AD578,1153.6014
AD579,833.7543
AD580,259.5161
AD581,153.70384
AD582,182.41673
AD583,1517.9927
AD584,737.69476
AD585,108.56195
AD586,313.57733
AD587,715.9004
AD588,198.30518
AD589,253.05408
AD590,677.3223
AD591,706.53876
AD592,290.29086
AD593,875.56445
AD594,330.43756
AD595,903.05194
AD596,1060.0596
AD597,1661.8643
AD598,1315.0437
AD599,429.7224
AD600,296.06714
AD601,185.09415
AD602,690.1564
AD603,250.62273
AD604,111.4014
AD605,631.5804
AD606,933.644
AD607,168.10144
AD608,443.08588
AD609,685.62933
AD610,46.21491
AD611,584.75494
AD612,845.83997
AD613,830.2599
AD614,691.654
AD615,247.90442
AD616,609.2986
AD617,578.5056
AD618,113.46013
AD619,368.05475
AD620,858.11646
AD621,744.39026
AD622,75.2666
AD623,942.97076
AD624,904.47546
AD625,451.14062
AD626,392.23822
AD627,732.8866
AD628,266.90768
AD629,662.56055
AD630,410.02197
AD631,495.20087
AD632,151.4723
AD633,106.27818
AD634,67.59668
AD635,175.2811
AD636,388.2137
AD637,184.96823
AD638,481.01
AD639,442.8269
AD640,195.7927
AD641,686.5498
AD642,658.2455
AD643,560.4501
AD644,116.6731
AD645,693.6112
AD646,861.87024
AD647,177.73558
AD648,556.63257
AD649,249.90771
AD650,398.821
AD651,1140.4174
AD652,693.3198
AD653,417.39752
AD654,492.4369
AD655,324.20422
AD656,732.166
AD657,865.6587
AD658,238.77216
AD659,1376.0319
AD660,264.43744
AD661,1337.0796
AD662,280.44003
AD663,151.96886
AD664,368.4549
AD665,189.99768
AD666,395.20624
AD667,190.40237
AD668,355.03983
AD669,310.0271
AD670,1438.2573
AD671,678.7744
AD672,611.9413
AD673,1015.0222
AD674,500.5072
AD675,256.3343
AD676,985.55725
AD677,481.6432
AD678,625.9391
AD679,87.773125
AD680,926.5372
AD681,1751.7104
AD682,647.1343
AD683,914.4177
AD684,328.8318
AD685,1651.7483
AD686,1272.6653
AD687,400.06638
AD688,1690.9668
AD689,385.83197
AD690,413.1275
AD691,1073.5225
AD692,360.667
AD693,73.84941
AD694,83.45726
AD695,714.7944
AD696,856.1448
AD697,332.32324
AD698,871.64294
AD699,777.77405
AD700,142.52977
AD701,933.04126
AD702,975.47
AD703,548.8606
AD704,406.3559
AD705,200.7872
AD706,172.46344
AD707,822.54346
AD708,703.46313
AD709,476.21066
AD710,106.516266
AD711,474.3635
AD712,464.713
AD713,173.5639
AD714,53.00061
AD715,220.85648
AD716,538.1616
AD717,198.16364
AD718,483.40054
AD719,1037.8724
AD720,95.19762
AD721,299.35016
AD722,758.2987
AD723,224.17258
AD724,554.549
AD725,451.3072
AD726,525.1252
AD727,1319.1654
AD728,890.4873
AD729,800.8107
AD730,947.574
AD731,417.9907
AD732,245.89084
AD733,578.74634
AD734,392.34937
AD735,344.0798
AD736,578.4627
AD737,1219.0869
AD738,385.84033
AD739,828.2622
AD740,484.64886
AD741,140.1287
AD742,910.53906
AD743,440.6552
AD744,1360.6213
AD745,100.15032
AD746,106.0479
AD747,1262.2975
AD748,934.8832
AD749,637.60474
AD750,304.26917
AD751,1143.2589
AD752,186.84293
AD753,65.14707
AD754,832.10254
AD755,393.13358
AD756,381.08594
AD757,808.9381
AD758,762.28125
AD759,697.40625
AD760,92.0374
AD761,1212.2189
AD762,679.6144
AD763,545.1296
AD764,196.54257
AD765,90.591446
AD766,466.5994
AD767,291.46136
AD768,163.75598
AD769,65.00875
AD770,175.12643
AD771,72.61838
AD772,276.20087
AD773,276.51312
AD774,473.43332
AD775,233.02179
AD776,947.9241
AD777,613.2169
AD778,592.64343
AD779,679.8735
AD780,762.4197
AD781,477.44424
AD782,538.7537
AD783,515.2141
AD784,488.43753
AD785,91.770386
AD786,323.89435
AD787,342.5908
AD788,273.04767
AD789,809.86096
AD790,174.17516
AD791,1058.0049
AD792,1097.5967
AD793,1761.5586
AD794,423.9927
AD795,1019.3092
AD796,732.8691
AD797,1236.2473
AD798,170.27179
AD799,223.52109
AD800,1425.3252
AD801,1297.994
AD802,299.59073
AD803,736.3327
AD804,180.51544
AD805,900.1084
AD806,133.77614
AD807,1082.6703
AD808,328.05676
AD809,396.2244
AD810,330.97336
AD811,220.51349
AD812,806.4741
AD813,492.2615
AD814,1231.8107
AD815,263.1327
AD816,1271.6191
AD817,64.71605
AD818,537.6493
AD819,53.819168
AD820,1061.2372
AD821,407.9165
AD822,884.4686
AD823,848.7345
AD824,1015.8906
AD825,285.5598
AD826,307.5083
AD827,575.62354
AD828,311.86005
AD829,517.0187
AD830,236.10497
AD831,64.853165
AD832,169.56029
AD833,377.7824
AD834,238.96622
AD835,729.1526
AD836,201.92538
AD837,625.6147
AD838,669.69495
AD839,1611.5355
AD840,347.93817
AD841,412.0605
AD842,245.53403
AD843,739.36926
AD844,886.8426
AD845,553.24084
AD846,544.5004
AD847,479.25378
AD848,324.40988
AD849,1082.0371
AD850,165.24707
AD851,650.4198
AD852,180.04398
AD853,502.12027
AD854,1004.4618
AD855,224.55714
AD856,1279.4672
AD857,306.81155
AD858,210.1231
AD859,789.18787
AD860,1619.9518
AD861,363.91168
AD862,484.4597
AD863,1302.0687
AD864,80.17759
AD865,611.927
AD866,987.11163
AD867,182.29306
AD868,213.80136
AD869,830.71295
AD870,1342.3883
AD871,555.2747
AD872,423.50958
AD873,171.53899
AD874,563.91003
AD875,177.76646
AD876,97.79286
AD877,1444.5569
AD878,358.2466
AD879,437.2714
AD880,779.27924
AD881,158.07622
AD882,545.3937
AD883,1619.9614
AD884,422.85547
AD885,979.07477
AD886,280.04544
AD887,647.0196
AD888,493.90976
AD889,483.698
AD890,455.621
AD891,327.66748
AD892,659.8741
AD893,563.8806
AD894,616.8119
AD895,1130.0826
AD896,589.6324
AD897,828.0288
AD898,234.84613
AD899,1024.4608
AD900,440.6836
AD901,193.91338
AD902,423.01974
AD903,411.86005
AD904,140.85214
AD905,1311.073
AD906,1064.7891
AD907,790.1726
AD908,1457.3484
AD909,178.75159
AD910,353.6816
AD911,492.92975
AD912,441.54333
AD913,1373.7295
AD914,905.374
AD915,716.8041
AD916,86.47445
AD917,345.29077
AD918,242.42796
AD919,698.5211
AD920,358.16595
AD921,75.36664
AD922,906.5359
AD923,1192.0803
AD924,883.4923
AD925,46.220688
AD926,638.23206
AD927,479.71024
AD928,93.938034
AD929,435.8872
AD930,896.8823
AD931,493.83908
AD932,1012.65826
AD933,1097.4882
AD934,173.33163
AD935,1202.4385
AD936,1380.1301
AD937,253.81528
AD938,126.56348
AD939,489.1862
AD940,631.9568
AD941,987.7667
AD942,195.35074
AD943,614.8948
AD944,171.6683
AD945,245.97884
AD946,238.72342
AD947,1326.4915
AD948,408.7989
AD949,366.18497
AD950,39.384724
AD951,148.86697
AD952,323.1808
AD953,643.94543
AD954,101.364456
AD955,227.07915
AD956,546.0109
AD957,1309.5813
AD958,272.14545
AD959,256.78195
AD960,1431.7009
AD961,816.1577
AD962,468.6977
AD963,642.79456
AD964,457.9616
AD965,631.9346
AD966,803.3966
AD967,1100.5255
AD968,381.29932
AD969,484.19394
AD970,278.8731
AD971,309.6717
AD972,202.56778
AD973,1100.9445
AD974,340.73373
AD975,154.1838
AD976,252.602
AD977,208.6387
AD978,329.96564
AD979,150.33577
AD980,100.140144
AD981,542.9846
AD982,444.16052
AD983,273.67383
AD984,468.62262
AD985,270.14496
AD986,523.28827
AD987,203.43948
AD988,51.60656
AD989,401.91803
AD990,395.2381
AD991,1144.977
AD992,39.18299
AD993,227.33716
AD994,373.55276
AD995,133.0589
AD996,890.56555
AD997,46.001858
AD998,923.24585
AD999,1155.3508
AD1000,89.29576
AD1001,224.32999
AD1002,111.73386
AD1003,451.38855
AD1004,223.5391
AD1005,239.15569
AD1006,347.16522
AD1007,479.79654
AD1008,339.3225
AD1009,262.26465
AD1010,1193.1555
AD1011,1460.8134
AD1012,256.62607
AD1013,221.8419
AD1014,523.6878
AD1015,635.54504
AD1016,993.2119
AD1017,988.9543
AD1018,186.33408
AD1019,502.4009
AD1020,438.90372
AD1021,1689.3323
AD1022,439.78052
AD1023,1039.0657
AD1024,1032.5178
AD1025,972.9248
AD1026,778.13684
AD1027,342.30035
AD1028,42.245975
AD1029,945.2184
AD1030,830.5025
AD1031,286.0301
AD1032,879.62006
AD1033,1377.5048
AD1034,714.8322
AD1035,162.91144
AD1036,1286.0021
AD1037,319.72528
AD1038,1598.0907
AD1039,564.9441
AD1040,404.9624
AD1041,454.29077
AD1042,1094.3323
AD1043,1282.4158
AD1044,280.8017
AD1045,969.4813
AD1046,784.0803
AD1047,803.48883
AD1048,246.99074
AD1049,1435.5662
AD1050,48.437267
AD1051,317.92505
AD1052,208.66019
AD1053,176.80331
AD1054,1008.5829
AD1055,459.90054
AD1056,1116.7933
AD1057,1294.4093
AD1058,1137.6377
AD1059,525.682
AD1060,1673.5393
AD1061,319.83514
AD1062,831.76465
AD1063,517.52
AD1064,502.54306
AD1065,719.2388
AD1066,1529.9434
AD1067,798.23004
AD1068,92.20949
AD1069,425.56302
AD1070,840.3218
AD1071,629.49054
AD1072,1142.523
AD1073,1021.16815
AD1074,423.4577
AD1075,506.32755
AD1076,657.2084
AD1077,858.75745
AD1078,1136.4585
AD1079,1232.5967
AD1080,174.21387
AD1081,512.85486
AD1082,1274.8077
AD1083,377.57465
AD1084,505.1363
AD1085,423.57996
AD1086,528.646
AD1087,71.40573
AD1088,688.2135
AD1089,145.63734
AD1090,1160.1154
AD1091,927.4442
AD1092,180.63403
AD1093,1623.1077
AD1094,463.01587
AD1095,129.75114
AD1096,235.31763
AD1097,302.36395
AD1098,147.1991
AD1099,577.38446
AD1100,558.92645
AD1101,576.77454
AD1102,565.1131
AD1103,559.00525
AD1104,559.6346
AD1105,619.9282
AD1106,609.6227
AD1107,574.75006
AD1108,574.75665
AD1109,569.22
AD1110,621.13
AD1111,585.6096
AD1112,556.43896
AD1113,582.9879
AD1114,576.6572
AD1115,580.4485
AD1116,575.9192
AD1117,572.3082
AD1118,602.5908
AD1119,577.3828
AD1120,553.0741
AD1121,573.4592
AD1122,581.0951
AD1123,571.9616
AD1124,591.34424
AD1125,575.03503
AD1126,596.5292
AD1127,606.56647
AD1128,570.096
AD1129,577.80505
AD1130,559.816
AD1131,564.7136
AD1132,546.7373
AD1133,559.0028
AD1134,566.9012
AD1135,548.4213
AD1136,574.231
AD1137,566.1388
AD1138,577.6795
AD1139,573.0172
AD1140,590.7595
AD1141,568.6455
AD1142,596.6373
AD1143,598.75574
AD1144,564.5857
AD1145,579.26
AD1146,573.9388
AD1147,590.1106
AD1148,569.5653
AD1149,568.34595
AD1150,557.92694
AD1151,615.2016
AD1152,604.6449
AD1153,557.2466
AD1154,560.41016
AD1155,594.34827
AD1156,585.98883
AD1157,570.47705
AD1158,548.3976
AD1159,599.46454
AD1160,602.03613
AD1161,568.67896
AD1162,556.14075
AD1163,559.85583
AD1164,608.3148
AD1165,564.84143
AD1166,607.30585
AD1167,565.56793
AD1168,577.7622
AD1169,570.24554
AD1170,568.0924
AD1171,585.74756
AD1172,619.2196
AD1173,621.33374
AD1174,579.0656
AD1175,564.76544
AD1176,562.473
AD1177,582.27856
AD1178,576.7588
AD1179,581.7759
AD1180,583.4468
AD1181,593.4458
AD1182,565.60175
AD1183,586.4011
AD1184,579.3318
AD1185,551.9343
AD1186,578.2726
AD1187,564.6653
AD1188,564.24365
AD1189,572.86035
AD1190,562.6059
AD1191,602.9045
AD1192,556.5929
AD1193,576.61725
AD1194,564.21313
AD1195,556.57776
AD1196,579.90295
AD1197,575.4407
AD1198,570.2388
AD1199,579.96484
AD1200,561.3325
AD1201,595.3342
AD1202,584.78314
AD1203,612.7225
AD1204,587.3958
AD1205,621.958
AD1206,564.0476
AD1207,580.117
AD1208,569.8479
AD1209,569.76184
AD1210,584.01324
AD1211,588.0088
AD1212,579.15906
AD1213,578.04614
AD1214,588.01385
AD1215,585.03906
AD1216,605.0931
AD1217,600.8417
AD1218,616.99097
AD1219,558.02295
AD1220,585.6084
AD1221,584.2986
AD1222,608.5703
AD1223,587.3102
AD1224,548.3644
AD1225,556.2058
AD1226,569.9937
AD1227,581.0215
AD1228,602.2165
AD1229,575.61035
AD1230,613.7916
AD1231,593.6697
AD1232,591.54767
AD1233,582.77527
AD1234,559.6412
AD1235,575.64905
AD1236,602.8458
AD1237,577.8932
AD1238,578.9038
AD1239,584.94995
AD1240,589.5191
AD1241,564.7959
AD1242,566.5513
AD1243,552.97
AD1244,570.25684
AD1245,599.3527
AD1246,569.82623
AD1247,576.761
AD1248,563.88025
AD1249,616.20447
AD1250,545.0897
AD1251,614.46094
AD1252,573.07385
AD1253,601.2904
AD1254,589.5415
AD1255,604.4884
AD1256,578.20496
AD1257,565.2766
AD1258,577.7284
AD1259,597.6815
AD1260,565.22876
AD1261,588.5962
AD1262,573.49115
AD1263,597.72003
AD1264,579.20105
AD1265,583.78455
AD1266,536.1479
AD1267,598.3629
AD1268,576.8977
AD1269,595.0093
AD1270,571.015
AD1271,616.9003
AD1272,573.0221
AD1273,602.9185
AD1274,571.92725
AD1275,576.52386
AD1276,567.32825
AD1277,572.52795
AD1278,582.6228
AD1279,581.0301
AD1280,583.52216
AD1281,576.0673
AD1282,537.88074
AD1283,601.79205
AD1284,570.59814
AD1285,580.7041
AD1286,562.0702
AD1287,603.8829
AD1288,564.4003
AD1289,573.7271
AD1290,592.51
AD1291,558.3697
AD1292,568.10645
AD1293,615.7484
AD1294,566.3071
AD1295,605.05896
AD1296,588.92487
AD1297,585.70966
AD1298,578.0426
AD1299,573.9769
AD1300,558.8501
AD1301,590.5243
AD1302,559.5403
AD1303,549.462
AD1304,541.2281
AD1305,564.4842
AD1306,565.9069
AD1307,567.40985
AD1308,601.29504
AD1309,561.35077
AD1310,568.82336
AD1311,575.01013
AD1312,599.9812
AD1313,579.8101
AD1314,587.5303
AD1315,565.91565
AD1316,602.7564
AD1317,561.7803
AD1318,562.9035
AD1319,567.2037
AD1320,575.28186
AD1321,585.15186
AD1322,594.1659
AD1323,575.7914
AD1324,569.8479
AD1325,583.2938
AD1326,560.7079
AD1327,582.81604
AD1328,563.76196
AD1329,585.3363
AD1330,596.052
AD1331,557.1744
AD1332,589.84595
AD1333,578.58813
AD1334,865.7039
AD1335,529.1712
AD1336,123.15574
AD1337,88.92853
AD1338,109.1041
AD1339,399.05347
AD1340,420.72858
AD1341,976.17896
AD1342,406.97314
AD1343,490.4069
AD1344,302.30078
AD1345,1271.7657
AD1346,1483.5736
AD1347,816.3042
AD1348,204.96898
AD1349,436.33905
AD1350,662.7901
AD1351,244.6533
AD1352,440.80518
AD1353,387.4486
AD1354,63.642395
AD1355,473.8936
AD1356,115.0694
AD1357,111.1307
AD1358,57.918327
AD1359,531.5945
AD1360,161.63783
AD1361,256.13898
AD1362,462.13733
AD1363,398.39673
AD1364,222.63913
AD1365,708.5261
AD1366,347.20538
AD1367,529.1968
AD1368,994.23566
AD1369,368.06406
AD1370,933.2944
AD1371,364.78995
AD1372,131.82574
AD1373,687.791
AD1374,123.0293
AD1375,1067.6365
AD1376,443.67395
AD1377,1215.35
AD1378,1126.8557
AD1379,427.06787
AD1380,144.03438
AD1381,497.38547
AD1382,129.57983
AD1383,292.76154
AD1384,1171.6903
AD1385,101.09912
AD1386,1810.5696
AD1387,368.92767
AD1388,330.565
AD1389,601.8661
AD1390,572.41815
AD1391,771.6101
AD1392,498.81018
AD1393,968.07794
AD1394,442.2305
AD1395,1440.6194
AD1396,285.83484
AD1397,198.75328
AD1398,93.60435
AD1399,800.68805
AD1400,1485.2498
AD1401,1053.8279
AD1402,359.00797
AD1403,880.4171
AD1404,146.76736
AD1405,1310.9326
AD1406,326.17453
AD1407,129.18153
AD1408,617.3096
AD1409,1522.0061
AD1410,333.52417
AD1411,188.76346
AD1412,761.4114
AD1413,133.71155
AD1414,133.67706
AD1415,149.3458
AD1416,969.5988
AD1417,333.92398
AD1418,1422.6204
AD1419,167.36757
AD1420,348.70886
AD1421,168.70557
AD1422,381.0059
AD1423,882.4397
AD1424,104.985794
AD1425,859.0331
AD1426,697.38385
AD1427,368.42883
AD1428,100.47458
AD1429,1351.9437
AD1430,1380.3582
AD1431,1076.2611
AD1432,353.6154
AD1433,1627.7471
AD1434,127.42802
AD1435,969.38763
AD1436,358.34967
AD1437,602.0398
AD1438,342.9715
AD1439,309.06622
AD1440,51.512512
AD1441,545.6435
AD1442,619.6944
AD1443,560.3585
AD1444,198.58206
AD1445,1871.513
AD1446,407.19275
AD1447,1429.1616
AD1448,333.14258
AD1449,175.88763
AD1450,77.31203
AD1451,200.58948
AD1452,421.2331
AD1453,183.57687
AD1454,1607.5776
AD1455,678.4219
AD1456,208.24513
AD1457,327.76587
AD1458,360.97473
AD1459,204.43561
AD1460,363.0548
AD1461,1535.9373
AD1462,368.45844
AD1463,154.418
AD1464,875.94556
AD1465,77.36133
AD1466,94.19444
AD1467,148.46622
AD1468,99.81842
AD1469,536.4527
AD1470,579.2066
AD1471,310.83524
AD1472,455.8858
AD1473,44.48342
AD1474,844.4043
AD1475,552.1577
AD1476,1149.5804
AD1477,1029.4521
AD1478,337.8399
AD1479,377.54312
AD1480,1038.9319
AD1481,338.5539
AD1482,158.49335
AD1483,254.83893
AD1484,476.19177
AD1485,148.43266
AD1486,101.113396
AD1487,562.1988
AD1488,698.6644
AD1489,62.53018
AD1490,409.61224
AD1491,354.4607
AD1492,881.10596
AD1493,1169.6033
AD1494,572.3977
AD1495,144.42065
AD1496,1384.9174
AD1497,401.37305
AD1498,110.84459
AD1499,517.89355
AD1500,645.9226
AD1501,101.35503
AD1502,1439.7908
AD1503,232.31773
AD1504,791.2034
AD1505,918.8168
AD1506,634.58905
AD1507,612.8236
AD1508,667.29297
AD1509,188.61679
AD1510,909.9497
AD1511,488.89545
AD1512,527.0027
AD1513,405.04208
AD1514,999.1802
AD1515,664.5713
AD1516,723.7853
AD1517,1745.0602
AD1518,102.420494
AD1519,548.9496
AD1520,333.03384
AD1521,105.31211
AD1522,166.77917
AD1523,749.3286
AD1524,566.5431
AD1525,335.2876
AD1526,257.73816
AD1527,530.89343
AD1528,880.8221
AD1529,1783.5853
AD1530,312.6064
AD1531,320.06995
AD1532,1277.0587
AD1533,447.43756
AD1534,491.85712
AD1535,578.6492
AD1536,412.27466
AD1537,1172.9491
AD1538,68.38914
AD1539,461.14648
AD1540,1302.293
AD1541,849.0654
AD1542,236.4756
AD1543,290.59845
AD1544,73.768105
AD1545,508.7634
AD1546,957.31036
AD1547,249.02618
AD1548,73.10038
AD1549,695.1897
AD1550,654.15137
AD1551,183.60191
AD1552,151.54344
AD1553,533.1664
AD1554,353.26587
AD1555,653.0047
AD1556,106.01475
AD1557,411.51373
AD1558,890.88477
AD1559,164.88155
AD1560,478.48715
AD1561,862.59174
AD1562,1567.1938
AD1563,422.8886
AD1564,597.4201
AD1565,883.052
AD1566,127.07973
AD1567,203.61938
AD1568,1166.4556
AD1569,45.433193
AD1570,1344.6267
AD1571,733.8408
AD1572,957.3727
AD1573,1313.4387
AD1574,247.9242
AD1575,709.3097
AD1576,117.97612
AD1577,104.094986
AD1578,864.84686
AD1579,85.76187
AD1580,184.95575
AD1581,491.1359
AD1582,269.81824
AD1583,1624.2832
AD1584,387.09363
AD1585,103.49133
AD1586,192.40959
AD1587,720.28546
AD1588,237.57875
AD1589,286.46643
AD1590,204.86072
AD1591,272.47266
AD1592,1084.6115
AD1593,255.5383
AD1594,316.2232
AD1595,193.26437
AD1596,373.24164
AD1597,116.12722
AD1598,422.882
AD1599,406.13333
AD1600,133.70825
AD1601,80.460594
AD1602,231.12996
AD1603,284.5846
AD1604,100.81024
AD1605,295.09995
AD1606,1707.0806
AD1607,560.8374
AD1608,237.41211
AD1609,1264.4077
AD1610,277.2002
AD1611,102.55226
AD1612,313.4452
AD1613,847.3413
AD1614,1809.8563
AD1615,1108.2008
AD1616,249.46196
AD1617,227.01387
AD1618,433.59326
AD1619,702.2805
AD1620,162.57501
AD1621,164.28452
AD1622,327.97284
AD1623,298.21545
AD1624,980.2182
AD1625,1213.492
AD1626,226.11551
AD1627,683.82556
AD1628,332.62665
AD1629,401.0248
AD1630,241.96251
AD1631,489.9825
AD1632,227.02766
AD1633,1706.7953
AD1634,229.37218
AD1635,1104.5164
AD1636,239.71677
AD1637,1199.2633
AD1638,111.44123
AD1639,310.24854
AD1640,333.13303
AD1641,387.47797
AD1642,256.65527
AD1643,754.50665
AD1644,451.04788
AD1645,525.7585
AD1646,344.70374
AD1647,342.62512
AD1648,932.4412
AD1649,1254.2876
AD1650,265.71173
AD1651,345.11108
AD1652,683.4971
AD1653,1066.8484
AD1654,48.42049
AD1655,230.64548
AD1656,65.91532
AD1657,453.2375
AD1658,134.06247
AD1659,1111.8397
AD1660,902.30835
AD1661,1639.9097
AD1662,440.88916
AD1663,290.90326
AD1664,130.78264
AD1665,295.62335
AD1666,179.92255
AD1667,269.43765
AD1668,79.80603
AD1669,93.153534
AD1670,877.1402
AD1671,1008.18835
AD1672,275.14673
AD1673,155.43314
AD1674,990.4709
AD1675,239.1317
AD1676,216.50705
AD1677,1324.4711
AD1678,489.1297
AD1679,307.60632
AD1680,1226.0518
AD1681,125.789764
AD1682,951.8679
AD1683,1246.9487
AD1684,525.6804
AD1685,108.52883
AD1686,774.3456
AD1687,116.57916
AD1688,786.5784
AD1689,540.3301
AD1690,1208.3303
AD1691,1557.024
AD1692,789.75696
AD1693,323.64264
AD1694,142.12624
AD1695,206.17181
AD1696,236.55695
AD1697,853.08966
AD1698,281.10406
AD1699,118.75706
AD1700,1533.6067
AD1701,169.35318
AD1702,215.42442
AD1703,345.3369
AD1704,356.88922
AD1705,678.5552
AD1706,78.32712
AD1707,807.7405
AD1708,1157.9098
AD1709,528.7296
AD1710,259.91882
AD1711,530.2893
AD1712,246.2616
AD1713,160.70331
AD1714,441.65076
AD1715,453.51062
AD1716,263.4834
AD1717,487.7042
AD1718,170.06644
AD1719,45.035385
AD1720,1062.052
AD1721,891.4231
AD1722,570.3128
AD1723,272.71387
AD1724,315.87543
AD1725,143.38129
AD1726,89.463295
AD1727,729.6681
AD1728,1069.3054
AD1729,154.15804
AD1730,971.003
AD1731,248.62074
AD1732,409.53525
AD1733,495.04446
AD1734,292.9933
AD1735,409.72852
AD1736,856.52014
AD1737,342.40094
AD1738,985.8653
AD1739,41.3994
AD1740,206.51566
AD1741,105.651184
AD1742,149.5574
AD1743,432.7429
AD1744,1570.9521
AD1745,1253.0934
AD1746,794.9819
AD1747,655.04517
AD1748,1406.1892
AD1749,1215.5317
AD1750,984.63916
AD1751,310.08902
AD1752,992.9991
AD1753,1668.0566
AD1754,120.64426
AD1755,96.668396
AD1756,59.894566
AD1757,1314.4594
AD1758,1224.5667
AD1759,121.70038
AD1760,215.79254
AD1761,692.0574
AD1762,202.04451
AD1763,261.7301
AD1764,293.25397
AD1765,629.5515
AD1766,201.922
AD1767,1239.3627
AD1768,919.5647
AD1769,336.7152
AD1770,478.63446
AD1771,563.10095
AD1772,446.21637
AD1773,397.3109
AD1774,49.628483
AD1775,1560.9138
AD1776,1538.5695
AD1777,631.6986
AD1778,291.38867
AD1779,266.65723
AD1780,1234.8467
AD1781,887.04474
AD1782,1091.8872
AD1783,193.50589
AD1784,323.17487
AD1785,916.24445
AD1786,53.3575
AD1787,609.34985
AD1788,117.08472
AD1789,161.63663
AD1790,281.63596
AD1791,1451.7338
AD1792,1117.8003
AD1793,364.84647
AD1794,72.10732
AD1795,789.98596
AD1796,172.74014
AD1797,968.14404
AD1798,85.70218
AD1799,537.03613
AD1800,80.27091
AD1801,585.8808
AD1802,1287.0924
AD1803,91.37861
AD1804,116.35489
AD1805,1381.067
AD1806,759.10675
AD1807,216.98416
AD1808,622.81274
AD1809,144.87767
AD1810,280.83673
AD1811,835.88025
AD1812,528.3229
AD1813,506.2031
AD1814,1051.806
AD1815,143.12363
AD1816,633.90485
AD1817,699.07996
AD1818,335.32843
AD1819,498.27567
AD1820,42.658314
AD1821,611.0208
AD1822,129.57492
AD1823,998.5148
AD1824,1714.9778
AD1825,1640.331
AD1826,770.8146
AD1827,1030.3492
AD1828,407.19583
AD1829,960.6734
AD1830,167.40004
AD1831,308.4334
AD1832,109.58237
AD1833,947.5771
AD1834,887.00256
AD1835,950.7278
AD1836,208.25818
AD1837,612.5015
AD1838,391.44946
AD1839,1101.9546
AD1840,419.3723
AD1841,511.74173
AD1842,346.17194
AD1843,66.88938
AD1844,509.23053
AD1845,499.06448
AD1846,475.77087
AD1847,1692.935
AD1848,1427.6654
AD1849,328.66617
AD1850,116.50838
AD1851,82.00957
AD1852,45.333725
AD1853,775.41205
AD1854,189.3169
AD1855,239.07513
AD1856,126.5673
AD1857,278.5811
AD1858,1022.4491
AD1859,801.72107
AD1860,428.97467
AD1861,1084.9252
AD1862,739.0762
AD1863,392.75385
AD1864,1142.8806
AD1865,1050.5157
AD1866,590.4198
AD1867,789.911
AD1868,768.86127
AD1869,131.82965
AD1870,558.5654
AD1871,598.99445
AD1872,326.11484
AD1873,392.36496
AD1874,142.56407
AD1875,705.30286
AD1876,218.76553
AD1877,360.62494
AD1878,379.3992
AD1879,245.32286
AD1880,339.12323
AD1881,293.5847
AD1882,471.01498
AD1883,126.23631
AD1884,640.0255
AD1885,68.13269
AD1886,763.7417
AD1887,1434.9021
AD1888,180.8529
AD1889,101.50946
AD1890,99.878235
AD1891,1280.5101
AD1892,245.30307
AD1893,646.8064
AD1894,185.56863
AD1895,442.51318
AD1896,1023.82764
AD1897,108.42953
AD1898,219.48102
AD1899,296.87967
AD1900,695.46277
AD1901,170.29681
AD1902,1448.9282
AD1903,72.27783
AD1904,553.67786
AD1905,1192.1104
AD1906,1049.6898
AD1907,954.5465
AD1908,764.70984
AD1909,118.25003
AD1910,1532.176
AD1911,348.99133
AD1912,251.07846
AD1913,111.56427
AD1914,89.82627
AD1915,376.71918
AD1916,625.3683
AD1917,1748.0547
AD1918,1149.2621
AD1919,133.31644
AD1920,60.155212
AD1921,631.6251
AD1922,472.45306
AD1923,894.0193
AD1924,111.41605
AD1925,481.41315
AD1926,217.68243
AD1927,124.3399
AD1928,459.65408
AD1929,816.53894
AD1930,99.0677
AD1931,243.70119
AD1932,663.9517
AD1933,240.83029
AD1934,939.4318
AD1935,765.54663
AD1936,421.42838
AD1937,460.97464
AD1938,817.85675
AD1939,110.35603
AD1940,1193.0173
AD1941,283.4205
AD1942,107.02966
AD1943,1525.2844
AD1944,397.27704
AD1945,139.83293
AD1946,807.6995
AD1947,356.6345
AD1948,467.05353
AD1949,40.345917
AD1950,1168.7952
AD1951,767.4092
AD1952,386.11243
AD1953,390.1223
AD1954,1223.3289
AD1955,325.9753
AD1956,1292.0093
AD1957,141.5635
AD1958,62.980118
AD1959,280.11414
AD1960,412.2244
AD1961,1101.6018
AD1962,41.386726
AD1963,314.19894
AD1964,212.83826
AD1965,701.24805
AD1966,1059.7886
AD1967,681.0146
AD1968,123.69303
AD1969,166.94525
AD1970,1052.4385
AD1971,92.545395
AD1972,56.23427
AD1973,140.19873
AD1974,319.2078
AD1975,129.33667
AD1976,436.45166
AD1977,1087.3655
AD1978,151.34018
AD1979,378.34473
AD1980,255.36993
AD1981,423.60254
AD1982,516.7656
AD1983,558.8097
AD1984,621.6352
AD1985,711.43
AD1986,139.47568
AD1987,814.34656
AD1988,1035.6128
AD1989,1207.8984
AD1990,631.6802
AD1991,696.53864
AD1992,738.327
AD1993,527.48425
AD1994,326.8794
AD1995,203.26611
AD1996,333.4962
AD1997,44.291157
AD1998,1270.5194
AD1999,519.759
AD2000,70.22497
AD2001,555.902
AD2002,235.04909
AD2003,345.0172
AD2004,210.37787
AD2005,559.0756
AD2006,106.537704
AD2007,752.36273
AD2008,236.51541
AD2009,476.42758
AD2010,533.92456
AD2011,1078.8029
AD2012,1131.1328
AD2013,797.4415
AD2014,1364.6136
AD2015,127.78377
AD2016,41.73417
AD2017,244.22025
AD2018,1666.4097
AD2019,247.80038
AD2020,412.9216
AD2021,581.16064
AD2022,761.8329
AD2023,1107.5474
AD2024,507.10745
AD2025,638.3517
AD2026,935.5074
AD2027,190.04875
AD2028,135.55804
AD2029,547.346
AD2030,111.54089
AD2031,438.12088
AD2032,636.08417
AD2033,714.25226
AD2034,777.33215
AD2035,651.2037
AD2036,1426.9551
AD2037,43.135075
AD2038,650.4498
AD2039,477.7276
AD2040,111.22646
AD2041,403.95557
AD2042,486.16357
AD2043,524.38477
AD2044,112.0578
AD2045,138.20245
AD2046,223.36935
AD2047,215.1539
AD2048,471.23187
AD2049,318.09216
AD2050,1198.3613
AD2051,358.39468
AD2052,224.93336
AD2053,188.06311
AD2054,397.4339
AD2055,504.987
AD2056,331.39258
AD2057,1144.2997
AD2058,271.8303
AD2059,451.32004
AD2060,96.64308
AD2061,648.4797
AD2062,277.78235
AD2063,996.3879
AD2064,932.42944
AD2065,689.985
AD2066,117.73103
AD2067,1282.335
AD2068,411.44522
AD2069,427.52103
AD2070,117.99522
AD2071,997.6033
AD2072,1284.3451
AD2073,168.7528
AD2074,624.1417
AD2075,1137.6841
AD2076,1239.057
AD2077,998.30835
AD2078,178.4429
AD2079,777.1363
AD2080,459.3141
AD2081,835.68146
AD2082,74.75204
AD2083,592.9497
AD2084,1694.1869
AD2085,344.50787
AD2086,604.3063
AD2087,561.53906
AD2088,523.4546
AD2089,577.8583
AD2090,55.267723
AD2091,583.374
AD2092,195.65982
AD2093,346.8233
AD2094,353.7729
AD2095,300.14667
AD2096,426.4348
AD2097,521.1467
AD2098,729.6338
AD2099,300.92767
AD2100,470.16272
AD2101,1310.9902
AD2102,940.96924
AD2103,807.5285
AD2104,100.222145
AD2105,385.9674
AD2106,600.7872
AD2107,258.88632
AD2108,281.38367
AD2109,180.56958
AD2110,218.47455
AD2111,804.1886
AD2112,768.8182
AD2113,1270.9656
AD2114,46.33735
AD2115,958.3556
AD2116,936.5979
AD2117,403.09186
AD2118,419.79538
AD2119,393.4546
AD2120,170.06334
AD2121,72.80347
AD2122,752.2993
AD2123,697.49115
AD2124,1214.0771
AD2125,355.42267
AD2126,193.56429
AD2127,133.48457
AD2128,152.88916
AD2129,117.854126
AD2130,264.12183
AD2131,46.668377
AD2132,56.215694
AD2133,1140.2035
AD2134,557.1675
AD2135,88.33151
AD2136,726.48474
AD2137,1169.3418
AD2138,1264.9282
AD2139,507.91086
AD2140,707.6897
AD2141,799.4561
AD2142,765.92755
AD2143,811.27795
AD2144,1479.4962
AD2145,1063.3527
AD2146,469.59344
AD2147,1022.6227
AD2148,417.14133
AD2149,225.25949
AD2150,416.9328
AD2151,311.53482
AD2152,229.75716
AD2153,516.83154
AD2154,1076.2112
AD2155,998.89417
AD2156,204.48773
AD2157,99.63011
AD2158,595.60565
AD2159,721.9906
AD2160,1187.5526
AD2161,444.71753
AD2162,705.5317
AD2163,116.802605
AD2164,669.9008
AD2165,94.73857
AD2166,166.05278
AD2167,1535.0625
AD2168,458.83862
AD2169,1113.7314
AD2170,1248.6235
AD2171,122.990135
AD2172,844.91034
AD2173,954.20715
AD2174,1031.991
AD2175,142.30252
AD2176,660.97974
AD2177,1194.3527
AD2178,411.5959
AD2179,967.82825
AD2180,923.18524
AD2181,193.0043
AD2182,186.654
AD2183,174.31169
AD2184,688.0134
AD2185,1075.1335
AD2186,394.06628
AD2187,290.95367
AD2188,716.3303
AD2189,281.6529
AD2190,235.92612
AD2191,1685.343
AD2192,634.8767
AD2193,97.8075
AD2194,337.1183
AD2195,350.31918
AD2196,346.9524
AD2197,363.16858
AD2198,1420.3187
AD2199,628.7571
AD2200,576.47534
AD2201,253.83328
AD2202,1066.6351
AD2203,186.30609
AD2204,286.64645
AD2205,552.74634
AD2206,224.033
AD2207,120.03315
AD2208,348.46216
AD2209,298.0562
AD2210,297.49622
AD2211,402.8239
AD2212,782.4852
AD2213,416.41675
AD2214,771.10803
AD2215,207.00711
AD2216,138.52383
AD2217,657.3116
AD2218,763.219
AD2219,683.067
AD2220,436.06323
AD2221,413.71265
AD2222,250.37717
AD2223,501.0488
AD2224,593.36145
AD2225,206.07358
AD2226,196.12239
AD2227,319.95148
AD2228,136.53033
AD2229,304.85318
AD2230,1501.2141
AD2231,117.85179
AD2232,704.0047
AD2233,388.75272
AD2234,998.923
AD2235,309.44012
AD2236,199.82425
AD2237,812.04443
AD2238,266.08917
AD2239,374.27377
AD2240,232.22296
AD2241,1544.0292
AD2242,102.96843
AD2243,198.24405
AD2244,1256.0079
AD2245,123.35477
AD2246,343.30142
AD2247,265.25702
AD2248,733.7129
AD2249,227.73987
AD2250,100.67979
AD2251,371.5354
AD2252,938.1565
AD2253,179.22476
AD2254,357.9275
AD2255,675.44086
AD2256,815.88306
AD2257,285.62103
AD2258,538.6117
AD2259,709.7787
AD2260,239.78046
AD2261,716.16943
AD2262,158.1691
AD2263,188.90805
AD2264,287.8942
AD2265,779.704
AD2266,963.1418
AD2267,1656.6616
AD2268,836.18286
AD2269,153.88345
AD2270,656.5502
AD2271,727.7877
AD2272,736.66846
AD2273,719.38855
AD2274,212.57327
AD2275,126.915375
AD2276,672.2751
AD2277,451.14297
AD2278,381.79907
AD2279,1887.9448
AD2280,899.179
AD2281,182.93857
AD2282,1547.3615
AD2283,97.07373
AD2284,366.72125
AD2285,421.45123
AD2286,888.20825
AD2287,527.3124
AD2288,458.87128
AD2289,913.4787
AD2290,470.41968
AD2291,195.62634
AD2292,908.3966
AD2293,243.71616
AD2294,686.12683
AD2295,132.94293
AD2296,96.77042
AD2297,792.0441
AD2298,108.267944
AD2299,1223.5745
AD2300,892.4474
AD2301,235.58081
AD2302,243.52359
AD2303,525.59814
AD2304,1023.96216
AD2305,949.2411
AD2306,503.52798
AD2307,1379.9711
AD2308,211.98286
AD2309,267.6069
AD2310,1216.777
AD2311,857.4098
AD2312,425.1765
AD2313,355.39575
AD2314,737.95056
AD2315,742.0484
AD2316,1085.9026
AD2317,579.49365
AD2318,107.84068
AD2319,491.7261
AD2320,862.5102
AD2321,739.1728
AD2322,400.97723
AD2323,232.63083
AD2324,129.90495
AD2325,249.58475
AD2326,882.4478
AD2327,413.89825
AD2328,452.95905
AD2329,456.68137
AD2330,147.07762
AD2331,132.61734
AD2332,347.38727
AD2333,171.70297
AD2334,71.745476
AD2335,133.89368
AD2336,1204.1421
AD2337,112.24524
AD2338,129.61346
AD2339,853.8749
AD2340,113.35759
AD2341,459.41718
AD2342,542.7397
AD2343,1465.7329
AD2344,302.8729
AD2345,980.12744
AD2346,251.61487
AD2347,401.0774
AD2348,115.37436
AD2349,632.72565
AD2350,1107.1292
AD2351,659.83514
AD2352,1393.0757
AD2353,88.76329
AD2354,124.81985
AD2355,43.24661
AD2356,623.0071
AD2357,103.46392
AD2358,164.84015
AD2359,649.0537
AD2360,1162.4604
AD2361,170.54968
AD2362,538.97205
AD2363,402.17746
AD2364,74.69735
AD2365,151.04874
AD2366,199.26144
AD2367,815.4858
AD2368,97.61794
AD2369,268.18198
AD2370,119.25396
AD2371,121.81831
AD2372,921.3629
AD2373,79.748474
AD2374,314.86456
AD2375,210.6087
AD2376,516.88293
AD2377,780.1426
AD2378,286.93997
AD2379,74.593
AD2380,379.69458
AD2381,224.04205
AD2382,43.448227
AD2383,265.9782
AD2384,587.2289
AD2385,642.8659
AD2386,597.0137
AD2387,536.9044
AD2388,657.5228
AD2389,210.15813
AD2390,647.46423
AD2391,1268.2449
AD2392,155.16893
AD2393,568.464
AD2394,580.7897
AD2395,578.6418
AD2396,558.7163
AD2397,572.4548
AD2398,558.09283
AD2399,564.18896
AD2400,536.44293
AD2401,571.0022
AD2402,580.1409
AD2403,594.33887
AD2404,551.22363
AD2405,592.224
AD2406,560.0082
AD2407,571.14465
AD2408,558.32043
AD2409,556.5201
AD2410,584.01306
AD2411,271.64172
AD2412,601.22314
AD2413,358.0337
AD2414,1681.8842
AD2415,670.2356
AD2416,340.98438
AD2417,506.4192
AD2418,961.7462
AD2419,552.45325
AD2420,643.1848
AD2421,1007.89874
AD2422,357.00623
AD2423,429.3158
AD2424,429.54184
AD2425,183.96767
AD2426,709.7047
AD2427,247.8192
AD2428,776.709
AD2429,407.87704
AD2430,476.79053
AD2431,917.45825
AD2432,633.0979
AD2433,90.89613
AD2434,990.02655
AD2435,1691.5359
AD2436,551.3165
AD2437,1161.8219
AD2438,188.04031
AD2439,122.54159
AD2440,439.0559
AD2441,1184.8237
AD2442,287.69385
AD2443,119.18959
AD2444,487.8644
AD2445,168.24121
AD2446,121.65572
AD2447,810.86597
AD2448,564.94855
AD2449,787.1443
AD2450,715.3519
AD2451,341.54315
AD2452,1531.0529
AD2453,772.41595
AD2454,236.36472
AD2455,163.94028
AD2456,256.9851
AD2457,629.7423
AD2458,1180.1389
AD2459,328.03964
AD2460,96.66266
AD2461,202.75485
AD2462,293.72235
AD2463,686.9647
AD2464,161.5604
AD2465,326.9635
AD2466,330.99353
AD2467,1537.0767
AD2468,491.1255
AD2469,869.8443
AD2470,631.2542
AD2471,195.70306
AD2472,116.416504
AD2473,663.6162
AD2474,75.61162
AD2475,249.75131
AD2476,848.5605
AD2477,415.69833
AD2478,80.26942
AD2479,385.716
AD2480,172.80972
AD2481,663.0599
AD2482,197.57779
AD2483,797.64136
AD2484,77.33448
AD2485,777.88025
AD2486,1587.2241
AD2487,961.16864
AD2488,103.439445
AD2489,1664.3799
AD2490,1413.5287
AD2491,1041.126
AD2492,593.4605
AD2493,129.26814
AD2494,45.715267
AD2495,297.65384
AD2496,464.10693
AD2497,677.85614
AD2498,209.26653
AD2499,528.54047
AD2500,183.67416
AD2501,628.1681
AD2502,694.9619
AD2503,947.6487
AD2504,1175.3398
AD2505,187.36688
AD2506,642.6947
AD2507,389.17178
AD2508,939.2608
AD2509,130.87198
AD2510,429.41248
AD2511,507.60025
AD2512,544.4821
AD2513,305.77054
AD2514,194.62411
AD2515,275.0775
AD2516,841.678
AD2517,306.03705
AD2518,800.1749
AD2519,306.47452
AD2520,702.8092
AD2521,140.44882
AD2522,1063.8793
AD2523,1683.4755
AD2524,135.74077
AD2525,1321.8221
AD2526,1594.0847
AD2527,1152.4802
AD2528,589.59894
AD2529,398.6944
AD2530,342.0808
AD2531,402.2261
AD2532,531.71875
AD2533,728.8845
AD2534,866.30426
AD2535,136.26222
AD2536,330.50775
AD2537,978.9646
AD2538,153.12268
AD2539,50.0753
AD2540,1171.3052
AD2541,155.30515
AD2542,1071.5088
AD2543,332.0156
AD2544,1146.0958
AD2545,66.20722
AD2546,942.98126
AD2547,926.3308
AD2548,533.3473
AD2549,632.0101
AD2550,430.61768
AD2551,460.39285
AD2552,606.9816
AD2553,89.30223
AD2554,495.65765
AD2555,232.48325
AD2556,124.19699
AD2557,1235.3103
AD2558,635.1125
AD2559,455.8894
AD2560,1342.7839
AD2561,1528.2015
AD2562,875.9974
AD2563,921.72266
AD2564,394.01712
AD2565,1316.8462
AD2566,352.1161
AD2567,1435.6537
AD2568,1420.0233
AD2569,215.36203
AD2570,574.64087
AD2571,556.88885
AD2572,586.3326
AD2573,43.751045
AD2574,157.22508
AD2575,370.34033
AD2576,187.19336
AD2577,956.8736
AD2578,596.14606
AD2579,181.2658
AD2580,411.60846
AD2581,228.09692
AD2582,1104.5223
AD2583,925.73114
AD2584,369.8814
AD2585,339.7706
AD2586,473.63373
AD2587,53.410004
AD2588,902.8161
AD2589,494.10034
AD2590,694.1411
AD2591,561.45264
AD2592,112.77996
AD2593,79.071945
AD2594,730.81165
AD2595,718.6488
AD2596,250.20625
AD2597,271.5089
AD2598,1638.8854
AD2599,723.9215
AD2600,637.16595
AD2601,116.058846
AD2602,365.5125
AD2603,214.0481
AD2604,995.14557
AD2605,546.8973
AD2606,360.81827
AD2607,641.3829
AD2608,301.09213
AD2609,272.7272
AD2610,1668.7114
AD2611,754.1153
AD2612,233.49751
AD2613,482.47513
AD2614,227.22357
AD2615,42.73665
AD2616,218.07109
AD2617,446.35696
AD2618,406.25873
AD2619,319.4958
AD2620,254.36768
AD2621,956.282
AD2622,355.3462
AD2623,985.187
AD2624,1106.1073
AD2625,1786.095
AD2626,774.93695
AD2627,771.84357
AD2628,113.813614
AD2629,1371.3678
AD2630,508.47113
AD2631,678.5436
AD2632,194.43753
AD2633,644.9674
AD2634,563.2572
AD2635,120.18335
AD2636,809.61975
AD2637,924.8527
AD2638,105.98342
AD2639,128.69022
AD2640,1285.5696
AD2641,1038.7657
AD2642,1046.8737
AD2643,39.71447
AD2644,177.28607
AD2645,1689.6721
AD2646,761.02466
AD2647,697.5598
AD2648,105.150894
AD2649,1107.8341
AD2650,1260.3826
AD2651,835.9833
AD2652,248.4614
AD2653,992.27
AD2654,1641.4636
AD2655,135.33803
AD2656,545.38696
AD2657,187.55214
AD2658,854.66
AD2659,865.0367
AD2660,250.86794
AD2661,641.1996
AD2662,1212.5242
AD2663,1361.097
AD2664,387.79514
AD2665,103.86867
AD2666,677.25134
AD2667,759.6269
AD2668,1636.312
AD2669,170.82419
AD2670,130.88812
AD2671,429.97894
AD2672,986.469
AD2673,186.81053
AD2674,369.1684
AD2675,521.8034
AD2676,82.19648
AD2677,745.9053
AD2678,140.8233
AD2679,1164.9568
AD2680,607.974
AD2681,1109.1945
AD2682,321.23987
AD2683,340.78357
AD2684,177.09975
AD2685,168.01091
AD2686,635.1494
AD2687,963.2857
AD2688,1036.3593
AD2689,790.69214
AD2690,225.5888
AD2691,562.9096
AD2692,144.2338
AD2693,414.36603
AD2694,1482.0671
AD2695,229.6163
AD2696,167.48846
AD2697,446.4344
AD2698,301.96002
AD2699,97.11843
AD2700,370.2239
AD2701,135.58575
AD2702,571.7693
AD2703,75.01691
AD2704,604.8506
AD2705,1203.798
AD2706,294.39392
AD2707,218.72955
AD2708,100.59176
AD2709,1137.4768
AD2710,1567.3044
AD2711,364.37976
AD2712,789.1379
AD2713,1346.3828
AD2714,333.91483
AD2715,217.67068
AD2716,529.5544
AD2717,1116.6036
AD2718,300.0296
AD2719,205.98834
AD2720,1150.85
AD2721,531.35596
AD2722,281.19083
AD2723,61.660095
AD2724,121.27588
AD2725,471.11386
AD2726,480.2188
AD2727,175.78152
AD2728,228.881
AD2729,310.3216
AD2730,1205.8212
AD2731,289.55585
AD2732,65.003975
AD2733,1106.1111
AD2734,146.698
AD2735,570.4762
AD2736,568.18
AD2737,346.71854
AD2738,1285.637
